"Ligands","Receptors","source","Organism"
"K4BMY8","E2FYC4","orthologs","Solanum lycopersicum"
"K4BMY8","K4B9X5","orthologs","Solanum lycopersicum"
"K4D691","E2FYC4","orthologs","Solanum lycopersicum"
"K4D691","K4B9X5","orthologs","Solanum lycopersicum"
"K4AWU1","E2FYC4","orthologs","Solanum lycopersicum"
"K4AWU1","K4B9X5","orthologs","Solanum lycopersicum"
"K4CV66","K4CHT6","orthologs","Solanum lycopersicum"
"H1AC31","K4DHL8","orthologs","Solanum lycopersicum"
"H1AC31","K4CWP8","orthologs","Solanum lycopersicum"
"I7KJ40","K4CGB4","orthologs","Solanum lycopersicum"
"I7JCM3","K4CGB4","orthologs","Solanum lycopersicum"
"K4B0Y8","K4CMJ4","orthologs","Solanum lycopersicum"
"I7JCM3","K4DCX0","orthologs","Solanum lycopersicum"
"I7KJ40","K4DCX0","orthologs","Solanum lycopersicum"
"I7KJ40","K4CHX8","orthologs","Solanum lycopersicum"
"I7JCM3","K4CHX8","orthologs","Solanum lycopersicum"
"K4DB75","K4CP81","orthologs","Solanum lycopersicum"
"K4DB75","K4DFW1","orthologs","Solanum lycopersicum"
"I7JCM3","K4BWI3","orthologs","Solanum lycopersicum"
"I7KJ40","K4BWI3","orthologs","Solanum lycopersicum"
"E3UVW7","K4BL63","orthologs","Solanum lycopersicum"
"E3UVW7","K4C8D8","orthologs","Solanum lycopersicum"
"I7JCM3","K4BWN8","orthologs","Solanum lycopersicum"
"I7KJ40","K4BWN8","orthologs","Solanum lycopersicum"
"I7KJ40","K4B3H8","orthologs","Solanum lycopersicum"
"I7JCM3","K4B3H8","orthologs","Solanum lycopersicum"
"K4CIF7","K4CMJ4","orthologs","Solanum lycopersicum"
"K4BHP9","K4BWP9","orthologs","Solanum lycopersicum"
"K4B3K3","K4BWP9","orthologs","Solanum lycopersicum"
"K4CU77","K4B544","orthologs","Solanum lycopersicum"
"K4CU77","K4B7Y2","orthologs","Solanum lycopersicum"
"K4CAM7","K4B544","orthologs","Solanum lycopersicum"
"K4CAM7","K4B7Y2","orthologs","Solanum lycopersicum"
"I7KJ40","K4BD90","orthologs","Solanum lycopersicum"
"I7JCM3","K4BD90","orthologs","Solanum lycopersicum"
"K4BLK4","K4BEX0","orthologs","Solanum lycopersicum"
"K4BLK4","K4CA49","orthologs","Solanum lycopersicum"
"K4D691","K4BEX0","orthologs","Solanum lycopersicum"
"K4D691","K4CA49","orthologs","Solanum lycopersicum"
"I7KJ40","O64398","orthologs","Solanum lycopersicum"
"I7KJ40","O64397","orthologs","Solanum lycopersicum"
"I7JCM3","O64398","orthologs","Solanum lycopersicum"
"I7JCM3","O64397","orthologs","Solanum lycopersicum"
"K4CAM7","K4BEC8","orthologs","Solanum lycopersicum"
"K4CU77","K4BEC8","orthologs","Solanum lycopersicum"
"K4BUF4","K4BEC8","orthologs","Solanum lycopersicum"
"K4C684","K4BEC8","orthologs","Solanum lycopersicum"
"K4CVN9","K4BEC8","orthologs","Solanum lycopersicum"
"K4C3C8","K4BEC8","orthologs","Solanum lycopersicum"
"K4B4T2","K4D9T7","orthologs","Solanum lycopersicum"
"K4B8D7","K4D5X2","orthologs","Solanum lycopersicum"
"K4B8D7","K4D5X8","orthologs","Solanum lycopersicum"
"K4B8D7","K4BSF3","orthologs","Solanum lycopersicum"
"K4B8D7","K4D0V9","orthologs","Solanum lycopersicum"
"K4B8D7","K4D5W9","orthologs","Solanum lycopersicum"
"K4B8D7","K4D5X4","orthologs","Solanum lycopersicum"
"K4B8D7","K4BSF9","orthologs","Solanum lycopersicum"
"K4B8D7","K4D5X6","orthologs","Solanum lycopersicum"
"K4B8D7","K4D0V5","orthologs","Solanum lycopersicum"
"K4B8D7","K4D5X1","orthologs","Solanum lycopersicum"
"K4B8D7","K4BSF6","orthologs","Solanum lycopersicum"
"K4B8D7","K4D5W8","orthologs","Solanum lycopersicum"
"K4B8D7","K4BSE6","orthologs","Solanum lycopersicum"
"K4B8D7","K4BSF5","orthologs","Solanum lycopersicum"
"K4B8D7","K4BSE8","orthologs","Solanum lycopersicum"
"K4B8D7","K4D0W1","orthologs","Solanum lycopersicum"
"K4B8D7","K4BSF8","orthologs","Solanum lycopersicum"
"K4B8D7","K4BSG0","orthologs","Solanum lycopersicum"
"K4B8D7","K4D0V7","orthologs","Solanum lycopersicum"
"K4BE13","K4D5X2","orthologs","Solanum lycopersicum"
"K4BE13","K4D5X8","orthologs","Solanum lycopersicum"
"K4BE13","K4BSF3","orthologs","Solanum lycopersicum"
"K4BE13","K4D0V9","orthologs","Solanum lycopersicum"
"K4BE13","K4D5W9","orthologs","Solanum lycopersicum"
"K4BE13","K4D5X4","orthologs","Solanum lycopersicum"
"K4BE13","K4BSF9","orthologs","Solanum lycopersicum"
"K4BE13","K4D5X6","orthologs","Solanum lycopersicum"
"K4BE13","K4D0V5","orthologs","Solanum lycopersicum"
"K4BE13","K4D5X1","orthologs","Solanum lycopersicum"
"K4BE13","K4BSF6","orthologs","Solanum lycopersicum"
"K4BE13","K4D5W8","orthologs","Solanum lycopersicum"
"K4BE13","K4BSE6","orthologs","Solanum lycopersicum"
"K4BE13","K4BSF5","orthologs","Solanum lycopersicum"
"K4BE13","K4BSE8","orthologs","Solanum lycopersicum"
"K4BE13","K4D0W1","orthologs","Solanum lycopersicum"
"K4BE13","K4BSF8","orthologs","Solanum lycopersicum"
"K4BE13","K4BSG0","orthologs","Solanum lycopersicum"
"K4BE13","K4D0V7","orthologs","Solanum lycopersicum"
"K4C1A9","K4D6P9","orthologs","Solanum lycopersicum"
"K4BUK2","K4D6P9","orthologs","Solanum lycopersicum"
"K4BUK1","K4D6P9","orthologs","Solanum lycopersicum"
"K4C1B0","K4D6P9","orthologs","Solanum lycopersicum"
"K4BU50","K4D6P9","orthologs","Solanum lycopersicum"
"K4BUK0","K4D6P9","orthologs","Solanum lycopersicum"
"K4D691","K4BMQ4","orthologs","Solanum lycopersicum"
"K4BJE4","K4C5L6","orthologs","Solanum lycopersicum"
"K4DHQ4","K4BSK3","orthologs","Solanum lycopersicum"
"K4CX24","K4BSK3","orthologs","Solanum lycopersicum"
"K4BVK9","K4BSK3","orthologs","Solanum lycopersicum"
"K4B7H2","K4CRN9","orthologs","Solanum lycopersicum"
"K4B7H2","K4D3U0","orthologs","Solanum lycopersicum"
"K4BB26","K4D1X0","orthologs","Solanum lycopersicum"
"K4C1S0","K4D1X0","orthologs","Solanum lycopersicum"
"K4BB25","K4D1X0","orthologs","Solanum lycopersicum"
"K4CRM1","K4D1X0","orthologs","Solanum lycopersicum"
"K4BTL5","K4D1X0","orthologs","Solanum lycopersicum"
"K4CF49","K4D1X0","orthologs","Solanum lycopersicum"
"K4CA83","K4D1X0","orthologs","Solanum lycopersicum"
"K4AT79","K4D1X0","orthologs","Solanum lycopersicum"
"K4D955","K4D1X0","orthologs","Solanum lycopersicum"
"K4C5J7","K4D1X0","orthologs","Solanum lycopersicum"
"K4CNR8","K4D1X0","orthologs","Solanum lycopersicum"
"K4C1S1","K4D1X0","orthologs","Solanum lycopersicum"
"K4BIG5","K4D1X0","orthologs","Solanum lycopersicum"
"K4C186","K4D1X0","orthologs","Solanum lycopersicum"
"K4C9Z3","K4D1X0","orthologs","Solanum lycopersicum"
"K4C1R5","K4D1X0","orthologs","Solanum lycopersicum"
"K4D225","K4D1X0","orthologs","Solanum lycopersicum"
"K4C0L8","K4D1X0","orthologs","Solanum lycopersicum"
"K4D3U3","K4D1X0","orthologs","Solanum lycopersicum"
"K4DG13","K4D1X0","orthologs","Solanum lycopersicum"
"K4C5D2","K4D1X0","orthologs","Solanum lycopersicum"
"K4CRQ1","K4D1X0","orthologs","Solanum lycopersicum"
"K4CVB0","K4B1Y0","orthologs","Solanum lycopersicum"
"K4B993","K4B1W1","orthologs","Solanum lycopersicum"
"B2Z9Y5","I7KJ40","orthologs","Solanum lycopersicum"
"B2Z9Y5","I7JCM3","orthologs","Solanum lycopersicum"
"B2Z9Y3","I7KJ40","orthologs","Solanum lycopersicum"
"B2Z9Y3","I7JCM3","orthologs","Solanum lycopersicum"
"K4CVH0","I7KJ40","orthologs","Solanum lycopersicum"
"K4CVH0","I7JCM3","orthologs","Solanum lycopersicum"
"K4CQJ6","I7KJ40","orthologs","Solanum lycopersicum"
"K4CQJ6","I7JCM3","orthologs","Solanum lycopersicum"
"K4BV31","I7KJ40","orthologs","Solanum lycopersicum"
"K4BV31","I7JCM3","orthologs","Solanum lycopersicum"
"K4BL52","I7KJ40","orthologs","Solanum lycopersicum"
"K4BL52","I7JCM3","orthologs","Solanum lycopersicum"
"K4BV28","I7KJ40","orthologs","Solanum lycopersicum"
"K4BV28","I7JCM3","orthologs","Solanum lycopersicum"
"K4BDU0","I7KJ40","orthologs","Solanum lycopersicum"
"K4BDU0","I7JCM3","orthologs","Solanum lycopersicum"
"K4C6Z7","I7KJ40","orthologs","Solanum lycopersicum"
"K4C6Z7","I7JCM3","orthologs","Solanum lycopersicum"
"K4C9L4","I7KJ40","orthologs","Solanum lycopersicum"
"K4C9L4","I7JCM3","orthologs","Solanum lycopersicum"
"K4BNR8","I7KJ40","orthologs","Solanum lycopersicum"
"K4BNR8","I7JCM3","orthologs","Solanum lycopersicum"
"K4BV32","I7KJ40","orthologs","Solanum lycopersicum"
"K4BV32","I7JCM3","orthologs","Solanum lycopersicum"
"K4CBM5","I7KJ40","orthologs","Solanum lycopersicum"
"K4CBM5","I7JCM3","orthologs","Solanum lycopersicum"
"K4CVH1","I7KJ40","orthologs","Solanum lycopersicum"
"K4CVH1","I7JCM3","orthologs","Solanum lycopersicum"
"K4C8D1","I7KJ40","orthologs","Solanum lycopersicum"
"K4C8D1","I7JCM3","orthologs","Solanum lycopersicum"
"K4D3J1","I7KJ40","orthologs","Solanum lycopersicum"
"K4D3J1","I7JCM3","orthologs","Solanum lycopersicum"
"E3UVW7","K4AZ93","orthologs","Solanum lycopersicum"
"K4CB39","Q8GUQ5","orthologs","Solanum lycopersicum"
"K4B130","K4C5G3","orthologs","Solanum lycopersicum"
"K4AZ46","K4C5G3","orthologs","Solanum lycopersicum"
"K4C0Z2","K4C5G3","orthologs","Solanum lycopersicum"
"K4BJE4","K4B3F3","orthologs","Solanum lycopersicum"
"K4BJE4","K4B3F5","orthologs","Solanum lycopersicum"
"K4DCK0","K4AWY2","orthologs","Solanum lycopersicum"
"K4CGF0","K4AWY2","orthologs","Solanum lycopersicum"
"K4DGY6","K4AWU3","orthologs","Solanum lycopersicum"
"K4C9L4","K4CNL4","orthologs","Solanum lycopersicum"
"K4C6Z7","K4CNL4","orthologs","Solanum lycopersicum"
"K4C8D1","K4CNL4","orthologs","Solanum lycopersicum"
"B2Z9Y3","K4CNL4","orthologs","Solanum lycopersicum"
"K4CBM5","K4CNL4","orthologs","Solanum lycopersicum"
"K4BV31","K4CNL4","orthologs","Solanum lycopersicum"
"K4BNR8","K4CNL4","orthologs","Solanum lycopersicum"
"K4BL52","K4CNL4","orthologs","Solanum lycopersicum"
"K4CQJ6","K4CNL4","orthologs","Solanum lycopersicum"
"K4CVH0","K4CNL4","orthologs","Solanum lycopersicum"
"B2Z9Y5","K4CNL4","orthologs","Solanum lycopersicum"
"K4BDU0","K4CNL4","orthologs","Solanum lycopersicum"
"K4BV28","K4CNL4","orthologs","Solanum lycopersicum"
"K4BV32","K4CNL4","orthologs","Solanum lycopersicum"
"K4CVH1","K4CNL4","orthologs","Solanum lycopersicum"
"K4D3J1","K4CNL4","orthologs","Solanum lycopersicum"
"K4CVA5","K4CR64","orthologs","Solanum lycopersicum"
"K4CVA5","K4DB11","orthologs","Solanum lycopersicum"
"K4CVA5","K4D467","orthologs","Solanum lycopersicum"
"K4BTC7","K4CR64","orthologs","Solanum lycopersicum"
"K4BTC7","K4DB11","orthologs","Solanum lycopersicum"
"K4BTC7","K4D467","orthologs","Solanum lycopersicum"
"K4BV28","K4CPG5","orthologs","Solanum lycopersicum"
"K4C8W2","K4CPG5","orthologs","Solanum lycopersicum"
"K4D7T6","K4CPG5","orthologs","Solanum lycopersicum"
"K4BJL7","K4CPG5","orthologs","Solanum lycopersicum"
"K4BV31","K4CPG5","orthologs","Solanum lycopersicum"
"K4D3K6","K4CPG5","orthologs","Solanum lycopersicum"
"K4BXC1","K4CPG5","orthologs","Solanum lycopersicum"
"K4BV32","K4CPG5","orthologs","Solanum lycopersicum"
"I7KJ40","K4BK30","orthologs","Solanum lycopersicum"
"I7JCM3","K4BK30","orthologs","Solanum lycopersicum"
"K4BDS6","K4CTZ5","orthologs","Solanum lycopersicum"
"K4BDS6","K4CAK8","orthologs","Solanum lycopersicum"
"K4C145","K4CTZ5","orthologs","Solanum lycopersicum"
"K4C145","K4CAK8","orthologs","Solanum lycopersicum"
"K4BDK0","K4CTZ5","orthologs","Solanum lycopersicum"
"K4BDK0","K4CAK8","orthologs","Solanum lycopersicum"
"K4AZR4","K4CTZ5","orthologs","Solanum lycopersicum"
"K4AZR4","K4CAK8","orthologs","Solanum lycopersicum"
"K4B7D9","K4CTZ5","orthologs","Solanum lycopersicum"
"K4B7D9","K4CAK8","orthologs","Solanum lycopersicum"
"K4DGY6","K4CTZ5","orthologs","Solanum lycopersicum"
"K4DGY6","K4CAK8","orthologs","Solanum lycopersicum"
"K4AZR5","K4CTZ5","orthologs","Solanum lycopersicum"
"K4AZR5","K4CAK8","orthologs","Solanum lycopersicum"
"K4DHQ4","K4CKQ2","orthologs","Solanum lycopersicum"
"K4CX24","K4CKQ2","orthologs","Solanum lycopersicum"
"K4BVK9","K4CKQ2","orthologs","Solanum lycopersicum"
"K4B787","F8WS84","orthologs","Solanum lycopersicum"
"K4D358","K4CIB9","orthologs","Solanum lycopersicum"
"K4CFJ8","K4CIB9","orthologs","Solanum lycopersicum"
"B2LW68","K4BIL5","orthologs","Solanum lycopersicum"
"K4DBB0","K4CL77","orthologs","Solanum lycopersicum"
"I7KJ40","K4BQ48","orthologs","Solanum lycopersicum"
"I7JCM3","K4BQ48","orthologs","Solanum lycopersicum"
"K4AZD2","K4BVZ8","orthologs","Solanum lycopersicum"
"K4AZD2","K4DH42","orthologs","Solanum lycopersicum"
"K4D317","K4BVZ8","orthologs","Solanum lycopersicum"
"K4D317","K4DH42","orthologs","Solanum lycopersicum"
"K4CC09","K4BVZ8","orthologs","Solanum lycopersicum"
"K4CC09","K4DH42","orthologs","Solanum lycopersicum"
"K4BB25","K4BVZ8","orthologs","Solanum lycopersicum"
"K4BB25","K4DH42","orthologs","Solanum lycopersicum"
"K4BB26","K4BVZ8","orthologs","Solanum lycopersicum"
"K4BB26","K4DH42","orthologs","Solanum lycopersicum"
"B2LW68","K4BC11","orthologs","Solanum lycopersicum"
"K4CA83","K4AYV3","orthologs","Solanum lycopersicum"
"K4CA83","K4CZB1","orthologs","Solanum lycopersicum"
"K4B787","F8WS85","orthologs","Solanum lycopersicum"
"P93218","K4CH53","orthologs","Solanum lycopersicum"
"P93218","K4CH58","orthologs","Solanum lycopersicum"
"P93218","K4CH55","orthologs","Solanum lycopersicum"
"P93218","K4CXK3","orthologs","Solanum lycopersicum"
"P93218","K4CH54","orthologs","Solanum lycopersicum"
"P93218","K4CH56","orthologs","Solanum lycopersicum"
"Q40161","K4CH53","orthologs","Solanum lycopersicum"
"Q40161","K4CH58","orthologs","Solanum lycopersicum"
"Q40161","K4CH55","orthologs","Solanum lycopersicum"
"Q40161","K4CXK3","orthologs","Solanum lycopersicum"
"Q40161","K4CH54","orthologs","Solanum lycopersicum"
"Q40161","K4CH56","orthologs","Solanum lycopersicum"
"P93217","K4CH53","orthologs","Solanum lycopersicum"
"P93217","K4CH58","orthologs","Solanum lycopersicum"
"P93217","K4CH55","orthologs","Solanum lycopersicum"
"P93217","K4CXK3","orthologs","Solanum lycopersicum"
"P93217","K4CH54","orthologs","Solanum lycopersicum"
"P93217","K4CH56","orthologs","Solanum lycopersicum"
"K4BA79","K4B7Q3","orthologs","Solanum lycopersicum"
"K4BA79","Q9XFB3","orthologs","Solanum lycopersicum"
"K4BA79","Q9XFB2","orthologs","Solanum lycopersicum"
"K4B0Y8","K4CYF1","orthologs","Solanum lycopersicum"
"K4DHV0","K4C2S7","orthologs","Solanum lycopersicum"
"K4DHV0","K4BRR1","orthologs","Solanum lycopersicum"
"K4C7C8","K4C2S7","orthologs","Solanum lycopersicum"
"K4C7C8","K4BRR1","orthologs","Solanum lycopersicum"
"K4C7C7","K4C2S7","orthologs","Solanum lycopersicum"
"K4C7C7","K4BRR1","orthologs","Solanum lycopersicum"
"K4C7C5","K4C2S7","orthologs","Solanum lycopersicum"
"K4C7C5","K4BRR1","orthologs","Solanum lycopersicum"
"K4D8R7","K4C2S7","orthologs","Solanum lycopersicum"
"K4D8R7","K4BRR1","orthologs","Solanum lycopersicum"
"K4C7D0","K4C2S7","orthologs","Solanum lycopersicum"
"K4C7D0","K4BRR1","orthologs","Solanum lycopersicum"
"K4AZR4","K4CKR2","orthologs","Solanum lycopersicum"
"K4AZR4","P26981","orthologs","Solanum lycopersicum"
"K4D7Y8","K4CKR2","orthologs","Solanum lycopersicum"
"K4D7Y8","P26981","orthologs","Solanum lycopersicum"
"K4AZR5","K4CKR2","orthologs","Solanum lycopersicum"
"K4AZR5","P26981","orthologs","Solanum lycopersicum"
"K4C145","K4CKR2","orthologs","Solanum lycopersicum"
"K4C145","P26981","orthologs","Solanum lycopersicum"
"K4D7Q5","K4CWY7","orthologs","Solanum lycopersicum"
"K4D317","K4CCJ2","orthologs","Solanum lycopersicum"
"Q9ZP11","K4BE88","orthologs","Solanum lycopersicum"
"Q9ZP11","D0EXD9","orthologs","Solanum lycopersicum"
"K4C6Y9","K4BE88","orthologs","Solanum lycopersicum"
"K4C6Y9","D0EXD9","orthologs","Solanum lycopersicum"
"P48980","K4BE88","orthologs","Solanum lycopersicum"
"P48980","D0EXD9","orthologs","Solanum lycopersicum"
"K4D6P7","Q5NE20","orthologs","Solanum lycopersicum"
"K4BBL8","K4DCJ0","orthologs","Solanum lycopersicum"
"K4BBL8","C0KKU8","orthologs","Solanum lycopersicum"
"K4BBL8","K4ASM0","orthologs","Solanum lycopersicum"
"K4BBL4","K4DCJ0","orthologs","Solanum lycopersicum"
"K4BBL4","C0KKU8","orthologs","Solanum lycopersicum"
"K4BBL4","K4ASM0","orthologs","Solanum lycopersicum"
"Q69EZ9","K4DCJ0","orthologs","Solanum lycopersicum"
"Q69EZ9","C0KKU8","orthologs","Solanum lycopersicum"
"Q69EZ9","K4ASM0","orthologs","Solanum lycopersicum"
"Q5WM33","K4DCJ0","orthologs","Solanum lycopersicum"
"Q5WM33","C0KKU8","orthologs","Solanum lycopersicum"
"Q5WM33","K4ASM0","orthologs","Solanum lycopersicum"
"K4CC92","K4DA99","orthologs","Solanum lycopersicum"
"K4CC92","E7EC27","orthologs","Solanum lycopersicum"
"K4D594","K4DA99","orthologs","Solanum lycopersicum"
"K4D594","E7EC27","orthologs","Solanum lycopersicum"
"K4CNR8","K4DA99","orthologs","Solanum lycopersicum"
"K4CNR8","E7EC27","orthologs","Solanum lycopersicum"
"K4C3C8","E7EC27","orthologs","Solanum lycopersicum"
"K4C3C8","K4DA99","orthologs","Solanum lycopersicum"
"K4C1K9","K4DA30","orthologs","Solanum lycopersicum"
"K4B7Z1","K4DA30","orthologs","Solanum lycopersicum"
"K4C591","K4AXL7","orthologs","Solanum lycopersicum"
"K4CWU8","K4AXL7","orthologs","Solanum lycopersicum"
"K4CTP5","K4AXL7","orthologs","Solanum lycopersicum"
"K4CQJ6","K4D5K8","orthologs","Solanum lycopersicum"
"K4CQJ6","P93206","orthologs","Solanum lycopersicum"
"K4C9L4","K4D5K8","orthologs","Solanum lycopersicum"
"K4C9L4","P93206","orthologs","Solanum lycopersicum"
"K4D3J1","K4D5K8","orthologs","Solanum lycopersicum"
"K4D3J1","P93206","orthologs","Solanum lycopersicum"
"K4C145","K4B3G9","orthologs","Solanum lycopersicum"
"K4C792","K4B3G9","orthologs","Solanum lycopersicum"
"K4AZR4","K4B3G9","orthologs","Solanum lycopersicum"
"K4BXU2","K4B3G9","orthologs","Solanum lycopersicum"
"K4AZR5","K4B3G9","orthologs","Solanum lycopersicum"
"K4CQJ6","K4D3J1","orthologs","Solanum lycopersicum"
"K4CQJ6","K4C9L4","orthologs","Solanum lycopersicum"
"K4C6Z7","K4D3J1","orthologs","Solanum lycopersicum"
"K4C6Z7","K4C9L4","orthologs","Solanum lycopersicum"
"K4C6Z7","K4CQJ6","orthologs","Solanum lycopersicum"
"K4AX79","K4D3J1","orthologs","Solanum lycopersicum"
"K4AX79","K4C9L4","orthologs","Solanum lycopersicum"
"K4AX79","K4CQJ6","orthologs","Solanum lycopersicum"
"B2Z9Y3","K4D3J1","orthologs","Solanum lycopersicum"
"B2Z9Y3","K4C9L4","orthologs","Solanum lycopersicum"
"B2Z9Y3","K4CQJ6","orthologs","Solanum lycopersicum"
"B2Z9Y5","K4D3J1","orthologs","Solanum lycopersicum"
"B2Z9Y5","K4C9L4","orthologs","Solanum lycopersicum"
"B2Z9Y5","K4CQJ6","orthologs","Solanum lycopersicum"
"K4DA96","K4D3J1","orthologs","Solanum lycopersicum"
"K4DA96","K4C9L4","orthologs","Solanum lycopersicum"
"K4DA96","K4CQJ6","orthologs","Solanum lycopersicum"
"K4D3J1","K4C9L4","orthologs","Solanum lycopersicum"
"K4D3J1","K4CQJ6","orthologs","Solanum lycopersicum"
"K4BP29","K4D3J1","orthologs","Solanum lycopersicum"
"K4BP29","K4C9L4","orthologs","Solanum lycopersicum"
"K4BP29","K4CQJ6","orthologs","Solanum lycopersicum"
"K4D317","K4D3J1","orthologs","Solanum lycopersicum"
"K4D317","K4C9L4","orthologs","Solanum lycopersicum"
"K4D317","K4CQJ6","orthologs","Solanum lycopersicum"
"K4BV28","K4D3J1","orthologs","Solanum lycopersicum"
"K4BV28","K4C9L4","orthologs","Solanum lycopersicum"
"K4BV28","K4CQJ6","orthologs","Solanum lycopersicum"
"K4C9L4","K4D3J1","orthologs","Solanum lycopersicum"
"K4C9L4","K4CQJ6","orthologs","Solanum lycopersicum"
"K4C5G0","K4D3J1","orthologs","Solanum lycopersicum"
"K4C5G0","K4C9L4","orthologs","Solanum lycopersicum"
"K4C5G0","K4CQJ6","orthologs","Solanum lycopersicum"
"K4BEV1","K4D3J1","orthologs","Solanum lycopersicum"
"K4BEV1","K4C9L4","orthologs","Solanum lycopersicum"
"K4BEV1","K4CQJ6","orthologs","Solanum lycopersicum"
"K4BV32","K4D3J1","orthologs","Solanum lycopersicum"
"K4BV32","K4C9L4","orthologs","Solanum lycopersicum"
"K4BV32","K4CQJ6","orthologs","Solanum lycopersicum"
"K4BV31","K4D3J1","orthologs","Solanum lycopersicum"
"K4BV31","K4C9L4","orthologs","Solanum lycopersicum"
"K4BV31","K4CQJ6","orthologs","Solanum lycopersicum"
"K4BUP6","K4CMT6","orthologs","Solanum lycopersicum"
"K4DGP6","K4AXM3","orthologs","Solanum lycopersicum"
"K4BUY8","K4AXM3","orthologs","Solanum lycopersicum"
"K4BVK9","K4AXM3","orthologs","Solanum lycopersicum"
"K4BUK4","K4AXM3","orthologs","Solanum lycopersicum"
"K4BUZ0","K4AXM3","orthologs","Solanum lycopersicum"
"K4BUZ1","K4AXM3","orthologs","Solanum lycopersicum"
"K4DGY6","K4B428","orthologs","Solanum lycopersicum"
"K4DGY6","K4D1F3","orthologs","Solanum lycopersicum"
"K4CP06","K4D2U8","orthologs","Solanum lycopersicum"
"K4CP06","K4BGV5","orthologs","Solanum lycopersicum"
"K4CP06","K4D2D5","orthologs","Solanum lycopersicum"
"K4BBM6","K4B081","orthologs","Solanum lycopersicum"
"Q69EZ9","K4CJW3","orthologs","Solanum lycopersicum"
"Q69EZ9","K4B0V5","orthologs","Solanum lycopersicum"
"Q69EZ9","Q9FT17","orthologs","Solanum lycopersicum"
"Q69EZ9","P38415","orthologs","Solanum lycopersicum"
"Q69EZ9","P38416","orthologs","Solanum lycopersicum"
"Q69EZ9","K4B0V6","orthologs","Solanum lycopersicum"
"K4BBL4","K4CJW3","orthologs","Solanum lycopersicum"
"K4BBL4","K4B0V5","orthologs","Solanum lycopersicum"
"K4BBL4","Q9FT17","orthologs","Solanum lycopersicum"
"K4BBL4","P38415","orthologs","Solanum lycopersicum"
"K4BBL4","P38416","orthologs","Solanum lycopersicum"
"K4BBL4","K4B0V6","orthologs","Solanum lycopersicum"
"K4BBL8","K4CJW3","orthologs","Solanum lycopersicum"
"K4BBL8","K4B0V5","orthologs","Solanum lycopersicum"
"K4BBL8","Q9FT17","orthologs","Solanum lycopersicum"
"K4BBL8","P38415","orthologs","Solanum lycopersicum"
"K4BBL8","P38416","orthologs","Solanum lycopersicum"
"K4BBL8","K4B0V6","orthologs","Solanum lycopersicum"
"Q5WM33","K4CJW3","orthologs","Solanum lycopersicum"
"Q5WM33","K4B0V5","orthologs","Solanum lycopersicum"
"Q5WM33","Q9FT17","orthologs","Solanum lycopersicum"
"Q5WM33","P38415","orthologs","Solanum lycopersicum"
"Q5WM33","P38416","orthologs","Solanum lycopersicum"
"Q5WM33","K4B0V6","orthologs","Solanum lycopersicum"
"K4BDS6","K4DFV3","orthologs","Solanum lycopersicum"
"K4BDS6","K4CIU0","orthologs","Solanum lycopersicum"
"K4BDS6","K4AZL0","orthologs","Solanum lycopersicum"
"K4BDS6","Q08451","orthologs","Solanum lycopersicum"
"K4B7D9","K4DFV3","orthologs","Solanum lycopersicum"
"K4B7D9","K4CIU0","orthologs","Solanum lycopersicum"
"K4B7D9","K4AZL0","orthologs","Solanum lycopersicum"
"K4B7D9","Q08451","orthologs","Solanum lycopersicum"
"K4D594","K4DFV3","orthologs","Solanum lycopersicum"
"K4D594","K4CIU0","orthologs","Solanum lycopersicum"
"K4D594","K4AZL0","orthologs","Solanum lycopersicum"
"K4D594","Q08451","orthologs","Solanum lycopersicum"
"K4BDK0","K4DFV3","orthologs","Solanum lycopersicum"
"K4BDK0","K4CIU0","orthologs","Solanum lycopersicum"
"K4BDK0","K4AZL0","orthologs","Solanum lycopersicum"
"K4BDK0","Q08451","orthologs","Solanum lycopersicum"
"K4CVA5","K4DFV3","orthologs","Solanum lycopersicum"
"K4CVA5","K4CIU0","orthologs","Solanum lycopersicum"
"K4CVA5","K4AZL0","orthologs","Solanum lycopersicum"
"K4CVA5","Q08451","orthologs","Solanum lycopersicum"
"K4CNR8","K4DFV3","orthologs","Solanum lycopersicum"
"K4CNR8","K4CIU0","orthologs","Solanum lycopersicum"
"K4CNR8","K4AZL0","orthologs","Solanum lycopersicum"
"K4CNR8","Q08451","orthologs","Solanum lycopersicum"
"K4BNY3","K4B7J8","orthologs","Solanum lycopersicum"
"Q6UJX4","K4B7J8","orthologs","Solanum lycopersicum"
"K4BUW7","K4B7J8","orthologs","Solanum lycopersicum"
"P36181","K4B7J8","orthologs","Solanum lycopersicum"
"K4CXH9","K4B7J8","orthologs","Solanum lycopersicum"
"K4CHI8","K4B7J8","orthologs","Solanum lycopersicum"
"K4ASZ8","K4B7J8","orthologs","Solanum lycopersicum"
"K4BEL1","K4B7J8","orthologs","Solanum lycopersicum"
"K4BA04","K4B7J8","orthologs","Solanum lycopersicum"
"K4B017","K4B7J8","orthologs","Solanum lycopersicum"
"K4BW50","K4B7J8","orthologs","Solanum lycopersicum"
"P26981","K4B7J8","orthologs","Solanum lycopersicum"
"K4DHR7","K4B7J8","orthologs","Solanum lycopersicum"
"K4BN76","K4B7J8","orthologs","Solanum lycopersicum"
"P62980","K4B7J8","orthologs","Solanum lycopersicum"
"K4CXW2","K4B7J8","orthologs","Solanum lycopersicum"
"K4BVN6","K4B7J8","orthologs","Solanum lycopersicum"
"K4CKR2","K4B7J8","orthologs","Solanum lycopersicum"
"K4DHS4","K4B7J8","orthologs","Solanum lycopersicum"
"K4AVQ8","K4B7J8","orthologs","Solanum lycopersicum"
"K4DF65","K4B7J8","orthologs","Solanum lycopersicum"
"K4C3T4","K4B7J8","orthologs","Solanum lycopersicum"
"K4C3T2","K4B7J8","orthologs","Solanum lycopersicum"
"K4CSH9","K4D4K4","orthologs","Solanum lycopersicum"
"K4AT75","K4D4K4","orthologs","Solanum lycopersicum"
"K4BET9","K4D4K4","orthologs","Solanum lycopersicum"
"K4B787","K4CB82","orthologs","Solanum lycopersicum"
"K4BNR4","K4BB03","orthologs","Solanum lycopersicum"
"K4CC92","Q9SDZ6","orthologs","Solanum lycopersicum"
"K4BI67","Q9SDZ6","orthologs","Solanum lycopersicum"
"K4BET9","Q9SDZ6","orthologs","Solanum lycopersicum"
"K4AT75","Q9SDZ6","orthologs","Solanum lycopersicum"
"K4CSH9","Q9SDZ6","orthologs","Solanum lycopersicum"
"K4DHQ4","K4BW39","orthologs","Solanum lycopersicum"
"K4DHQ4","O04890","orthologs","Solanum lycopersicum"
"K4C3V0","K4BW39","orthologs","Solanum lycopersicum"
"K4C3V0","O04890","orthologs","Solanum lycopersicum"
"K4CX24","K4BW39","orthologs","Solanum lycopersicum"
"K4CX24","O04890","orthologs","Solanum lycopersicum"
"K4D7Q5","K4B418","orthologs","Solanum lycopersicum"
"K4CNR8","K4BLQ8","orthologs","Solanum lycopersicum"
"K4CNR8","K4DF49","orthologs","Solanum lycopersicum"
"P62980","K4CRZ6","orthologs","Solanum lycopersicum"
"K4CWU8","K4CRZ6","orthologs","Solanum lycopersicum"
"Q6UJX4","K4CRZ6","orthologs","Solanum lycopersicum"
"K4CTP5","K4CRZ6","orthologs","Solanum lycopersicum"
"K4DHR7","K4CRZ6","orthologs","Solanum lycopersicum"
"K4C591","K4CRZ6","orthologs","Solanum lycopersicum"
"K4DHS4","K4CRZ6","orthologs","Solanum lycopersicum"
"P26981","K4CRZ6","orthologs","Solanum lycopersicum"
"K4AVQ8","K4CRZ6","orthologs","Solanum lycopersicum"
"K4CXW2","K4CRZ6","orthologs","Solanum lycopersicum"
"K4BN76","K4CRZ6","orthologs","Solanum lycopersicum"
"K4BV68","K4CRZ6","orthologs","Solanum lycopersicum"
"K4CHI8","K4CRZ6","orthologs","Solanum lycopersicum"
"K4C3T4","K4CRZ6","orthologs","Solanum lycopersicum"
"K4ASZ8","K4CRZ6","orthologs","Solanum lycopersicum"
"K4B017","K4CRZ6","orthologs","Solanum lycopersicum"
"K4CXH9","K4CRZ6","orthologs","Solanum lycopersicum"
"K4CKR2","K4CRZ6","orthologs","Solanum lycopersicum"
"K4BW50","K4CRZ6","orthologs","Solanum lycopersicum"
"K4DF65","K4CRZ6","orthologs","Solanum lycopersicum"
"K4CLT6","K4CRZ6","orthologs","Solanum lycopersicum"
"P36181","K4CRZ6","orthologs","Solanum lycopersicum"
"K4BEL1","K4CRZ6","orthologs","Solanum lycopersicum"
"K4BA04","K4CRZ6","orthologs","Solanum lycopersicum"
"K4BNY3","K4CRZ6","orthologs","Solanum lycopersicum"
"K4C3T2","K4CRZ6","orthologs","Solanum lycopersicum"
"K4BUW7","K4CRZ6","orthologs","Solanum lycopersicum"
"K4BVN6","K4CRZ6","orthologs","Solanum lycopersicum"
"I7JCM3","K4ASM5","orthologs","Solanum lycopersicum"
"I7JCM3","K4ASL8","orthologs","Solanum lycopersicum"
"I7JCM3","K4ASL9","orthologs","Solanum lycopersicum"
"I7KJ40","K4ASM5","orthologs","Solanum lycopersicum"
"I7KJ40","K4ASL8","orthologs","Solanum lycopersicum"
"I7KJ40","K4ASL9","orthologs","Solanum lycopersicum"
"K4DHN4","K4D4L1","orthologs","Solanum lycopersicum"
"K4CWS8","K4D4L1","orthologs","Solanum lycopersicum"
"K4B7H2","K4D4L1","orthologs","Solanum lycopersicum"
"K4C1P3","K4D9U7","orthologs","Solanum lycopersicum"
"K4C1P2","K4D9U7","orthologs","Solanum lycopersicum"
"Q6UJX4","K4CBV9","orthologs","Solanum lycopersicum"
"Q6UJX4","K4AW98","orthologs","Solanum lycopersicum"
"Q84MI6","K4CBV9","orthologs","Solanum lycopersicum"
"Q84MI6","K4AW98","orthologs","Solanum lycopersicum"
"K4B017","K4CBV9","orthologs","Solanum lycopersicum"
"K4B017","K4AW98","orthologs","Solanum lycopersicum"
"D9J1Y9","K4CBV9","orthologs","Solanum lycopersicum"
"D9J1Y9","K4AW98","orthologs","Solanum lycopersicum"
"P36181","K4CBV9","orthologs","Solanum lycopersicum"
"P36181","K4AW98","orthologs","Solanum lycopersicum"
"K4DHR7","K4CBV9","orthologs","Solanum lycopersicum"
"K4DHR7","K4AW98","orthologs","Solanum lycopersicum"
"K4B3K8","K4CBV9","orthologs","Solanum lycopersicum"
"K4B3K8","K4AW98","orthologs","Solanum lycopersicum"
"K4AVQ8","K4CBV9","orthologs","Solanum lycopersicum"
"K4AVQ8","K4AW98","orthologs","Solanum lycopersicum"
"I7JCM3","K4CBV9","orthologs","Solanum lycopersicum"
"I7JCM3","K4AW98","orthologs","Solanum lycopersicum"
"K4AZN6","K4CBV9","orthologs","Solanum lycopersicum"
"K4AZN6","K4AW98","orthologs","Solanum lycopersicum"
"Q84MI5","K4CBV9","orthologs","Solanum lycopersicum"
"Q84MI5","K4AW98","orthologs","Solanum lycopersicum"
"I7KJ40","K4CBV9","orthologs","Solanum lycopersicum"
"I7KJ40","K4AW98","orthologs","Solanum lycopersicum"
"K4D103","K4CBV9","orthologs","Solanum lycopersicum"
"K4D103","K4AW98","orthologs","Solanum lycopersicum"
"K4CXL8","K4CBV9","orthologs","Solanum lycopersicum"
"K4CXL8","K4AW98","orthologs","Solanum lycopersicum"
"P62980","K4CBV9","orthologs","Solanum lycopersicum"
"P62980","K4AW98","orthologs","Solanum lycopersicum"
"K4DHS4","K4CBV9","orthologs","Solanum lycopersicum"
"K4DHS4","K4AW98","orthologs","Solanum lycopersicum"
"K4AW98","K4CBV9","orthologs","Solanum lycopersicum"
"E2GLN8","K4CBV9","orthologs","Solanum lycopersicum"
"E2GLN8","K4AW98","orthologs","Solanum lycopersicum"
"K4BEL1","K4CBV9","orthologs","Solanum lycopersicum"
"K4BEL1","K4AW98","orthologs","Solanum lycopersicum"
"K4BL73","K4CBV9","orthologs","Solanum lycopersicum"
"K4BL73","K4AW98","orthologs","Solanum lycopersicum"
"K4DAZ7","K4CBV9","orthologs","Solanum lycopersicum"
"K4DAZ7","K4AW98","orthologs","Solanum lycopersicum"
"K4BCP5","K4CBV9","orthologs","Solanum lycopersicum"
"K4BCP5","K4AW98","orthologs","Solanum lycopersicum"
"K4B7X9","K4CBV9","orthologs","Solanum lycopersicum"
"K4B7X9","K4AW98","orthologs","Solanum lycopersicum"
"Q84MI4","K4CBV9","orthologs","Solanum lycopersicum"
"Q84MI4","K4AW98","orthologs","Solanum lycopersicum"
"K4CS51","K4CBV9","orthologs","Solanum lycopersicum"
"K4CS51","K4AW98","orthologs","Solanum lycopersicum"
"K4CBV9","K4AW98","orthologs","Solanum lycopersicum"
"K4CXH9","K4CBV9","orthologs","Solanum lycopersicum"
"K4CXH9","K4AW98","orthologs","Solanum lycopersicum"
"K4CV66","K4CBV9","orthologs","Solanum lycopersicum"
"K4CV66","K4AW98","orthologs","Solanum lycopersicum"
"I7KJ40","K4DC07","orthologs","Solanum lycopersicum"
"I7KJ40","K4BZW6","orthologs","Solanum lycopersicum"
"I7JCM3","K4DC07","orthologs","Solanum lycopersicum"
"I7JCM3","K4BZW6","orthologs","Solanum lycopersicum"
"O82625","K4D0V6","orthologs","Solanum lycopersicum"
"O82625","K4B3V0","orthologs","Solanum lycopersicum"
"O82625","K4D0W0","orthologs","Solanum lycopersicum"
"O82625","K4B3W3","orthologs","Solanum lycopersicum"
"O82625","K4B3U9","orthologs","Solanum lycopersicum"
"O82625","K4D5X7","orthologs","Solanum lycopersicum"
"O82625","K4B3U6","orthologs","Solanum lycopersicum"
"O82625","K4D169","orthologs","Solanum lycopersicum"
"O82625","K4D5X5","orthologs","Solanum lycopersicum"
"O82625","K4D5X0","orthologs","Solanum lycopersicum"
"O82625","K4BSF7","orthologs","Solanum lycopersicum"
"O82625","K4B3V1","orthologs","Solanum lycopersicum"
"O82625","K4BSF4","orthologs","Solanum lycopersicum"
"O82625","K4D5X3","orthologs","Solanum lycopersicum"
"K4C1Q6","K4D0V6","orthologs","Solanum lycopersicum"
"K4C1Q6","K4B3V0","orthologs","Solanum lycopersicum"
"K4C1Q6","K4D0W0","orthologs","Solanum lycopersicum"
"K4C1Q6","K4B3W3","orthologs","Solanum lycopersicum"
"K4C1Q6","K4B3U9","orthologs","Solanum lycopersicum"
"K4C1Q6","K4D5X7","orthologs","Solanum lycopersicum"
"K4C1Q6","K4B3U6","orthologs","Solanum lycopersicum"
"K4C1Q6","K4D169","orthologs","Solanum lycopersicum"
"K4C1Q6","K4D5X5","orthologs","Solanum lycopersicum"
"K4C1Q6","K4D5X0","orthologs","Solanum lycopersicum"
"K4C1Q6","K4BSF7","orthologs","Solanum lycopersicum"
"K4C1Q6","K4B3V1","orthologs","Solanum lycopersicum"
"K4C1Q6","K4BSF4","orthologs","Solanum lycopersicum"
"K4C1Q6","K4D5X3","orthologs","Solanum lycopersicum"
"K4C3C8","K4CKU5","orthologs","Solanum lycopersicum"
"K4C684","K4CKU5","orthologs","Solanum lycopersicum"
"K4CVN9","K4CKU5","orthologs","Solanum lycopersicum"
"K4BUZ1","K4B484","orthologs","Solanum lycopersicum"
"K4BUK4","K4B484","orthologs","Solanum lycopersicum"
"K4BUZ0","K4B484","orthologs","Solanum lycopersicum"
"K4BUY8","K4B484","orthologs","Solanum lycopersicum"
"K4DGP6","K4B484","orthologs","Solanum lycopersicum"
"K4CA55","K4BNG2","orthologs","Solanum lycopersicum"
"K4CA55","K4BY25","orthologs","Solanum lycopersicum"
"K4C3C8","K4BKX9","orthologs","Solanum lycopersicum"
"K4BS37","K4BIB4","orthologs","Solanum lycopersicum"
"K4BL32","K4D6K5","orthologs","Solanum lycopersicum"
"K4BL34","K4D6K5","orthologs","Solanum lycopersicum"
"K4BL29","K4D6K5","orthologs","Solanum lycopersicum"
"K4BL37","K4D6K5","orthologs","Solanum lycopersicum"
"K4BL33","K4D6K5","orthologs","Solanum lycopersicum"
"Q7PCA6","K4C9Z2","orthologs","Solanum lycopersicum"
"Q7PCA6","K4C343","orthologs","Solanum lycopersicum"
"Q7PCA8","K4C9Z2","orthologs","Solanum lycopersicum"
"Q7PCA8","K4C343","orthologs","Solanum lycopersicum"
"K4C9H2","K4C9Z2","orthologs","Solanum lycopersicum"
"K4C9H2","K4C343","orthologs","Solanum lycopersicum"
"K4B0Y8","K4C9Z2","orthologs","Solanum lycopersicum"
"K4B0Y8","K4C343","orthologs","Solanum lycopersicum"
"K4BI67","K4AZ44","orthologs","Solanum lycopersicum"
"K4CV66","K4CY13","orthologs","Solanum lycopersicum"
"K4D2D0","K4CXJ6","orthologs","Solanum lycopersicum"
"K4DAZ8","K4CXJ6","orthologs","Solanum lycopersicum"
"K4CA23","K4CXJ6","orthologs","Solanum lycopersicum"
"K4BJE4","K4B954","orthologs","Solanum lycopersicum"
"I7KJ40","K4B9X7","orthologs","Solanum lycopersicum"
"I7JCM3","K4B9X7","orthologs","Solanum lycopersicum"
"I7KJ40","K4C767","orthologs","Solanum lycopersicum"
"I7JCM3","K4C767","orthologs","Solanum lycopersicum"
"I7KJ40","K4CFZ5","orthologs","Solanum lycopersicum"
"I7KJ40","K4DCG1","orthologs","Solanum lycopersicum"
"I7JCM3","K4CFZ5","orthologs","Solanum lycopersicum"
"I7JCM3","K4DCG1","orthologs","Solanum lycopersicum"
"B2Z9Y3","K4BBX9","orthologs","Solanum lycopersicum"
"B2Z9Y5","K4BBX9","orthologs","Solanum lycopersicum"
"K4CCL2","K4CUH0","orthologs","Solanum lycopersicum"
"K4C5D2","K4CUH0","orthologs","Solanum lycopersicum"
"K4C1S0","K4CUH0","orthologs","Solanum lycopersicum"
"K4B2E5","K4CUH0","orthologs","Solanum lycopersicum"
"K4BXK6","K4CUH0","orthologs","Solanum lycopersicum"
"K4C0V7","K4CUH0","orthologs","Solanum lycopersicum"
"K4C5J7","K4CUH0","orthologs","Solanum lycopersicum"
"K4C1R5","K4CUH0","orthologs","Solanum lycopersicum"
"K4C1S1","K4CUH0","orthologs","Solanum lycopersicum"
"K4BNT8","K4CUH0","orthologs","Solanum lycopersicum"
"K4B2E7","K4CUH0","orthologs","Solanum lycopersicum"
"K4B7V1","K4B2K2","orthologs","Solanum lycopersicum"
"K4B7V1","K4B2K3","orthologs","Solanum lycopersicum"
"K4B7V1","K4B2K4","orthologs","Solanum lycopersicum"
"K4B7Y9","K4B2K2","orthologs","Solanum lycopersicum"
"K4B7Y9","K4B2K3","orthologs","Solanum lycopersicum"
"K4B7Y9","K4B2K4","orthologs","Solanum lycopersicum"
"K4B7Y8","K4B2K2","orthologs","Solanum lycopersicum"
"K4B7Y8","K4B2K3","orthologs","Solanum lycopersicum"
"K4B7Y8","K4B2K4","orthologs","Solanum lycopersicum"
"K4B1L6","K4B2K2","orthologs","Solanum lycopersicum"
"K4B1L6","K4B2K3","orthologs","Solanum lycopersicum"
"K4B1L6","K4B2K4","orthologs","Solanum lycopersicum"
"K4CUU2","K4B2K2","orthologs","Solanum lycopersicum"
"K4CUU2","K4B2K3","orthologs","Solanum lycopersicum"
"K4CUU2","K4B2K4","orthologs","Solanum lycopersicum"
"K4B1L7","K4B2K2","orthologs","Solanum lycopersicum"
"K4B1L7","K4B2K3","orthologs","Solanum lycopersicum"
"K4B1L7","K4B2K4","orthologs","Solanum lycopersicum"
"K4B1L5","K4B2K2","orthologs","Solanum lycopersicum"
"K4B1L5","K4B2K3","orthologs","Solanum lycopersicum"
"K4B1L5","K4B2K4","orthologs","Solanum lycopersicum"
"K4C9K1","K4CUV8","orthologs","Solanum lycopersicum"
"K4C4B4","K4CUV8","orthologs","Solanum lycopersicum"
"K4D588","K4CUV8","orthologs","Solanum lycopersicum"
"K4D9N3","K4CUV8","orthologs","Solanum lycopersicum"
"K4C0D5","K4CUV8","orthologs","Solanum lycopersicum"
"K4CRM1","K4CUV8","orthologs","Solanum lycopersicum"
"K4BDA5","K4CUV8","orthologs","Solanum lycopersicum"
"K4D225","K4CUV8","orthologs","Solanum lycopersicum"
"K4CRQ1","K4CUV8","orthologs","Solanum lycopersicum"
"K4D3U3","K4CUV8","orthologs","Solanum lycopersicum"
"E1AZA3","K4BQ98","orthologs","Solanum lycopersicum"
"K4CQR2","K4BQ98","orthologs","Solanum lycopersicum"
"I7KJ40","K4BP21","orthologs","Solanum lycopersicum"
"I7JCM3","K4BP21","orthologs","Solanum lycopersicum"
"K4D8F6","K4DI18","orthologs","Solanum lycopersicum"
"Q9XGI6","K4BVM0","orthologs","Solanum lycopersicum"
"K4C9Y2","K4BVM0","orthologs","Solanum lycopersicum"
"K4ARX3","K4BVM0","orthologs","Solanum lycopersicum"
"K4BF38","K4BVM0","orthologs","Solanum lycopersicum"
"O04359","K4BVM0","orthologs","Solanum lycopersicum"
"K4D3J1","K4DAS6","orthologs","Solanum lycopersicum"
"K4C9L4","K4DAS6","orthologs","Solanum lycopersicum"
"K4CQJ6","K4DAS6","orthologs","Solanum lycopersicum"
"K4CLT6","K4C9E6","orthologs","Solanum lycopersicum"
"K4D7Y8","K4B024","orthologs","Solanum lycopersicum"
"K4D7Q5","K4B024","orthologs","Solanum lycopersicum"
"B2Z9Y3","K4BYD6","orthologs","Solanum lycopersicum"
"K4AX79","K4BYD6","orthologs","Solanum lycopersicum"
"K4BTY3","K4BYD6","orthologs","Solanum lycopersicum"
"Q6RHY0","K4BYD6","orthologs","Solanum lycopersicum"
"K4BEA4","K4BYD6","orthologs","Solanum lycopersicum"
"K4BDK0","K4BYD6","orthologs","Solanum lycopersicum"
"K4B7D9","K4BYD6","orthologs","Solanum lycopersicum"
"B2Z9Y5","K4BYD6","orthologs","Solanum lycopersicum"
"K4BDS6","K4BYD6","orthologs","Solanum lycopersicum"
"K4BII9","K4BYD6","orthologs","Solanum lycopersicum"
"K4BII8","K4BYD6","orthologs","Solanum lycopersicum"
"K4BII5","K4BYD6","orthologs","Solanum lycopersicum"
"K4BTY2","K4BYD6","orthologs","Solanum lycopersicum"
"K4BTX9","K4BYD6","orthologs","Solanum lycopersicum"
"K4BCW6","K4BTF5","orthologs","Solanum lycopersicum"
"K4BCW6","K4DFY9","orthologs","Solanum lycopersicum"
"K4CFJ6","K4BTF5","orthologs","Solanum lycopersicum"
"K4CFJ6","K4DFY9","orthologs","Solanum lycopersicum"
"H1AC31","K4BTF5","orthologs","Solanum lycopersicum"
"H1AC31","K4DFY9","orthologs","Solanum lycopersicum"
"K4C9L4","K4D5E1","orthologs","Solanum lycopersicum"
"B2Z9Y3","K4D5E1","orthologs","Solanum lycopersicum"
"K4D3J1","K4D5E1","orthologs","Solanum lycopersicum"
"B2Z9Y5","K4D5E1","orthologs","Solanum lycopersicum"
"K4BEV1","K4D5E1","orthologs","Solanum lycopersicum"
"K4C6Z7","K4D5E1","orthologs","Solanum lycopersicum"
"K4BV31","K4D5E1","orthologs","Solanum lycopersicum"
"K4BV28","K4D5E1","orthologs","Solanum lycopersicum"
"K4AZR5","K4D5E1","orthologs","Solanum lycopersicum"
"K4BV32","K4D5E1","orthologs","Solanum lycopersicum"
"K4DA58","K4D5E1","orthologs","Solanum lycopersicum"
"K4C145","K4D5E1","orthologs","Solanum lycopersicum"
"K4AZR4","K4D5E1","orthologs","Solanum lycopersicum"
"K4CQJ6","K4D5E1","orthologs","Solanum lycopersicum"
"K4BP29","K4D5E1","orthologs","Solanum lycopersicum"
"K4C5G0","K4D5E1","orthologs","Solanum lycopersicum"
"K4D3J1","K4CA57","orthologs","Solanum lycopersicum"
"K4CQJ6","K4CA57","orthologs","Solanum lycopersicum"
"K4C9L4","K4CA57","orthologs","Solanum lycopersicum"
"B2LW68","K4CA57","orthologs","Solanum lycopersicum"
"K4B0Y8","K4CIV7","orthologs","Solanum lycopersicum"
"K4B0Y8","K4CPJ3","orthologs","Solanum lycopersicum"
"Q7PCA8","K4CIV7","orthologs","Solanum lycopersicum"
"Q7PCA8","K4CPJ3","orthologs","Solanum lycopersicum"
"K4C9H2","K4CIV7","orthologs","Solanum lycopersicum"
"K4C9H2","K4CPJ3","orthologs","Solanum lycopersicum"
"Q7PCA6","K4CIV7","orthologs","Solanum lycopersicum"
"Q7PCA6","K4CPJ3","orthologs","Solanum lycopersicum"
"K4CX24","K4CIU0","orthologs","Solanum lycopersicum"
"K4CX24","K4AZL0","orthologs","Solanum lycopersicum"
"K4CX24","K4DFV3","orthologs","Solanum lycopersicum"
"K4CX24","Q08451","orthologs","Solanum lycopersicum"
"K4DHQ4","K4CIU0","orthologs","Solanum lycopersicum"
"K4DHQ4","K4AZL0","orthologs","Solanum lycopersicum"
"K4DHQ4","K4DFV3","orthologs","Solanum lycopersicum"
"K4DHQ4","Q08451","orthologs","Solanum lycopersicum"
"K4C6D6","K4BC17","orthologs","Solanum lycopersicum"
"K4D594","K4CGJ7","orthologs","Solanum lycopersicum"
"K4D594","K4DCM1","orthologs","Solanum lycopersicum"
"K4D225","K4C9N8","orthologs","Solanum lycopersicum"
"K4D225","K4DA81","orthologs","Solanum lycopersicum"
"K4CFJ8","K4C9N8","orthologs","Solanum lycopersicum"
"K4CFJ8","K4DA81","orthologs","Solanum lycopersicum"
"K4CRQ1","K4C9N8","orthologs","Solanum lycopersicum"
"K4CRQ1","K4DA81","orthologs","Solanum lycopersicum"
"K4CRM1","K4C9N8","orthologs","Solanum lycopersicum"
"K4CRM1","K4DA81","orthologs","Solanum lycopersicum"
"K4D3U3","K4C9N8","orthologs","Solanum lycopersicum"
"K4D3U3","K4DA81","orthologs","Solanum lycopersicum"
"I7KJ40","K4AX82","orthologs","Solanum lycopersicum"
"I7KJ40","K4D329","orthologs","Solanum lycopersicum"
"I7JCM3","K4AX82","orthologs","Solanum lycopersicum"
"I7JCM3","K4D329","orthologs","Solanum lycopersicum"
"K4CRM1","K4B8J8","orthologs","Solanum lycopersicum"
"K4D9N3","K4B8J8","orthologs","Solanum lycopersicum"
"K4C4B4","K4B8J8","orthologs","Solanum lycopersicum"
"K4BVK9","K4B8J8","orthologs","Solanum lycopersicum"
"K4D3U3","K4B8J8","orthologs","Solanum lycopersicum"
"K4C9K1","K4B8J8","orthologs","Solanum lycopersicum"
"K4BDA5","K4B8J8","orthologs","Solanum lycopersicum"
"K4C0D5","K4B8J8","orthologs","Solanum lycopersicum"
"K4CRQ1","K4B8J8","orthologs","Solanum lycopersicum"
"K4D588","K4B8J8","orthologs","Solanum lycopersicum"
"K4D225","K4B8J8","orthologs","Solanum lycopersicum"
"K4BHP9","K4CU57","orthologs","Solanum lycopersicum"
"I7KJ40","K4CKL7","orthologs","Solanum lycopersicum"
"I7JCM3","K4CKL7","orthologs","Solanum lycopersicum"
"K4C7D0","K4B042","orthologs","Solanum lycopersicum"
"K4D8R7","K4B042","orthologs","Solanum lycopersicum"
"K4C7C5","K4B042","orthologs","Solanum lycopersicum"
"K4C7C8","K4B042","orthologs","Solanum lycopersicum"
"K4C7C7","K4B042","orthologs","Solanum lycopersicum"
"K4AT75","K4B7J8","orthologs","Solanum lycopersicum"
"K4BNY3","K4BCG2","orthologs","Solanum lycopersicum"
"K4BN76","K4BCG2","orthologs","Solanum lycopersicum"
"K4DHR7","K4BCG2","orthologs","Solanum lycopersicum"
"K4C3T2","K4BCG2","orthologs","Solanum lycopersicum"
"P36181","K4BCG2","orthologs","Solanum lycopersicum"
"K4BA04","K4BCG2","orthologs","Solanum lycopersicum"
"K4BUW7","K4BCG2","orthologs","Solanum lycopersicum"
"K4ASZ8","K4BCG2","orthologs","Solanum lycopersicum"
"K4CXH9","K4BCG2","orthologs","Solanum lycopersicum"
"K4B017","K4BCG2","orthologs","Solanum lycopersicum"
"P62980","K4BCG2","orthologs","Solanum lycopersicum"
"K4BEL1","K4BCG2","orthologs","Solanum lycopersicum"
"Q6UJX4","K4BCG2","orthologs","Solanum lycopersicum"
"K4C3T4","K4BCG2","orthologs","Solanum lycopersicum"
"K4CHI8","K4BCG2","orthologs","Solanum lycopersicum"
"K4DF65","K4BCG2","orthologs","Solanum lycopersicum"
"K4BW50","K4BCG2","orthologs","Solanum lycopersicum"
"K4DHS4","K4BCG2","orthologs","Solanum lycopersicum"
"K4AVQ8","K4BCG2","orthologs","Solanum lycopersicum"
"K4BVN6","K4BCG2","orthologs","Solanum lycopersicum"
"K4CXW2","K4BCG2","orthologs","Solanum lycopersicum"
"K4CKR2","K4BCG2","orthologs","Solanum lycopersicum"
"P26981","K4BCG2","orthologs","Solanum lycopersicum"
"K4B8D8","K4CLT6","orthologs","Solanum lycopersicum"
"K4CB39","K4CLT6","orthologs","Solanum lycopersicum"
"K4B533","K4CLT6","orthologs","Solanum lycopersicum"
"K4B7Y8","K4CLT6","orthologs","Solanum lycopersicum"
"K4D358","K4CV28","orthologs","Solanum lycopersicum"
"K4BK18","K4B273","orthologs","Solanum lycopersicum"
"K4CQZ9","K4B273","orthologs","Solanum lycopersicum"
"K4B1C4","K4B273","orthologs","Solanum lycopersicum"
"K4B930","K4B273","orthologs","Solanum lycopersicum"
"K4D7Y8","K4AXG1","orthologs","Solanum lycopersicum"
"I7KJ40","K4CB82","orthologs","Solanum lycopersicum"
"I7JCM3","K4CB82","orthologs","Solanum lycopersicum"
"K4BQE9","K4BTT8","orthologs","Solanum lycopersicum"
"K4BQE9","K4BTU3","orthologs","Solanum lycopersicum"
"K4BQE9","K4BTU1","orthologs","Solanum lycopersicum"
"K4BQE9","K4BTU0","orthologs","Solanum lycopersicum"
"K4AZ45","K4D345","orthologs","Solanum lycopersicum"
"K4DGY6","K4D345","orthologs","Solanum lycopersicum"
"K4BE48","K4DHG5","orthologs","Solanum lycopersicum"
"I7JCM3","K4C2W1","orthologs","Solanum lycopersicum"
"I7KJ40","K4C2W1","orthologs","Solanum lycopersicum"
"K4BM57","K4BZT8","orthologs","Solanum lycopersicum"
"Q8L4N2","K4BZT8","orthologs","Solanum lycopersicum"
"K4DEV8","K4BZT8","orthologs","Solanum lycopersicum"
"K4D3Z9","K4BZT8","orthologs","Solanum lycopersicum"
"K4D3B7","K4BZT8","orthologs","Solanum lycopersicum"
"K4C792","K4BZT8","orthologs","Solanum lycopersicum"
"Q8LRN8","K4BZT8","orthologs","Solanum lycopersicum"
"Q9LD97","K4BZT8","orthologs","Solanum lycopersicum"
"K4D3X0","K4BZT8","orthologs","Solanum lycopersicum"
"K4B9Z1","K4AYB2","orthologs","Solanum lycopersicum"
"K4DHQ4","K4AYB2","orthologs","Solanum lycopersicum"
"K4CX24","K4AYB2","orthologs","Solanum lycopersicum"
"P47926","K4AYB2","orthologs","Solanum lycopersicum"
"Q9ZP33","K4AYB2","orthologs","Solanum lycopersicum"
"K4BVK9","K4AYB2","orthologs","Solanum lycopersicum"
"K4C930","K4BKJ4","orthologs","Solanum lycopersicum"
"K4BDK0","K4BKJ4","orthologs","Solanum lycopersicum"
"K4B7D9","K4BKJ4","orthologs","Solanum lycopersicum"
"K4BDS6","K4BKJ4","orthologs","Solanum lycopersicum"
"K4BDS6","K4B3J9","orthologs","Solanum lycopersicum"
"K4B7D9","K4B3J9","orthologs","Solanum lycopersicum"
"K4BDK0","K4B3J9","orthologs","Solanum lycopersicum"
"I7JCM3","K4BTP4","orthologs","Solanum lycopersicum"
"I7KJ40","K4BTP4","orthologs","Solanum lycopersicum"
"K4DHQ4","K4CH06","orthologs","Solanum lycopersicum"
"K4CX24","K4CH06","orthologs","Solanum lycopersicum"
"K4B2E5","K4CUH1","orthologs","Solanum lycopersicum"
"K4C0V7","K4CUH1","orthologs","Solanum lycopersicum"
"K4CCL2","K4CUH1","orthologs","Solanum lycopersicum"
"K4BNT8","K4CUH1","orthologs","Solanum lycopersicum"
"K4AZR5","Q9STA8","orthologs","Solanum lycopersicum"
"K4C1K9","Q9STA8","orthologs","Solanum lycopersicum"
"K4C145","Q9STA8","orthologs","Solanum lycopersicum"
"K4BJE4","Q9STA8","orthologs","Solanum lycopersicum"
"K4AZR4","Q9STA8","orthologs","Solanum lycopersicum"
"K4B1L6","K4BYX1","orthologs","Solanum lycopersicum"
"K4B1L7","K4BYX1","orthologs","Solanum lycopersicum"
"K4B1L5","K4BYX1","orthologs","Solanum lycopersicum"
"K4CE62","Q5NE21","orthologs","Solanum lycopersicum"
"K4BVR0","Q5NE21","orthologs","Solanum lycopersicum"
"K4BCP5","A1YIQ6","orthologs","Solanum lycopersicum"
"K4B930","K4CV22","orthologs","Solanum lycopersicum"
"K4CNR8","K4B708","orthologs","Solanum lycopersicum"
"K4CNR8","K4BC66","orthologs","Solanum lycopersicum"
"K4DHQ4","K4B708","orthologs","Solanum lycopersicum"
"K4DHQ4","K4BC66","orthologs","Solanum lycopersicum"
"K4CX24","K4B708","orthologs","Solanum lycopersicum"
"K4CX24","K4BC66","orthologs","Solanum lycopersicum"
"K4CP06","K4AYV3","orthologs","Solanum lycopersicum"
"K4CP06","K4CZB1","orthologs","Solanum lycopersicum"
"K4BLK4","K4CAE7","orthologs","Solanum lycopersicum"
"K4B533","K4CAE7","orthologs","Solanum lycopersicum"
"K4CLT6","K4B9M9","orthologs","Solanum lycopersicum"
"K4CLT6","K4B9M2","orthologs","Solanum lycopersicum"
"K4CLT6","K4B9M8","orthologs","Solanum lycopersicum"
"K4CBM5","K4B9M9","orthologs","Solanum lycopersicum"
"K4CBM5","K4B9M2","orthologs","Solanum lycopersicum"
"K4CBM5","K4B9M8","orthologs","Solanum lycopersicum"
"K4ARX3","K4BYS7","orthologs","Solanum lycopersicum"
"K4BF38","K4BYS7","orthologs","Solanum lycopersicum"
"K4AT75","K4BAK2","orthologs","Solanum lycopersicum"
"K4AT75","K4B675","orthologs","Solanum lycopersicum"
"K4BET9","K4BAK2","orthologs","Solanum lycopersicum"
"K4BET9","K4B675","orthologs","Solanum lycopersicum"
"K4CC92","K4BAK2","orthologs","Solanum lycopersicum"
"K4CC92","K4B675","orthologs","Solanum lycopersicum"
"K4CSH9","K4BAK2","orthologs","Solanum lycopersicum"
"K4CSH9","K4B675","orthologs","Solanum lycopersicum"
"I0IUQ7","E5KGD0","orthologs","Solanum lycopersicum"
"K4CHI8","K4BX70","orthologs","Solanum lycopersicum"
"K4CHI8","K4BX68","orthologs","Solanum lycopersicum"
"K4CHI8","K4BX69","orthologs","Solanum lycopersicum"
"K4CHI8","K4BX72","orthologs","Solanum lycopersicum"
"K4CHI8","K4BX73","orthologs","Solanum lycopersicum"
"K4CKR2","K4BX70","orthologs","Solanum lycopersicum"
"K4CKR2","K4BX68","orthologs","Solanum lycopersicum"
"K4CKR2","K4BX69","orthologs","Solanum lycopersicum"
"K4CKR2","K4BX72","orthologs","Solanum lycopersicum"
"K4CKR2","K4BX73","orthologs","Solanum lycopersicum"
"P36181","K4BX70","orthologs","Solanum lycopersicum"
"P36181","K4BX68","orthologs","Solanum lycopersicum"
"P36181","K4BX69","orthologs","Solanum lycopersicum"
"P36181","K4BX72","orthologs","Solanum lycopersicum"
"P36181","K4BX73","orthologs","Solanum lycopersicum"
"K4CXW2","K4BX70","orthologs","Solanum lycopersicum"
"K4CXW2","K4BX68","orthologs","Solanum lycopersicum"
"K4CXW2","K4BX69","orthologs","Solanum lycopersicum"
"K4CXW2","K4BX72","orthologs","Solanum lycopersicum"
"K4CXW2","K4BX73","orthologs","Solanum lycopersicum"
"K4BN76","K4BX70","orthologs","Solanum lycopersicum"
"K4BN76","K4BX68","orthologs","Solanum lycopersicum"
"K4BN76","K4BX69","orthologs","Solanum lycopersicum"
"K4BN76","K4BX72","orthologs","Solanum lycopersicum"
"K4BN76","K4BX73","orthologs","Solanum lycopersicum"
"K4BVN6","K4BX70","orthologs","Solanum lycopersicum"
"K4BVN6","K4BX68","orthologs","Solanum lycopersicum"
"K4BVN6","K4BX69","orthologs","Solanum lycopersicum"
"K4BVN6","K4BX72","orthologs","Solanum lycopersicum"
"K4BVN6","K4BX73","orthologs","Solanum lycopersicum"
"K4ASZ8","K4BX70","orthologs","Solanum lycopersicum"
"K4ASZ8","K4BX68","orthologs","Solanum lycopersicum"
"K4ASZ8","K4BX69","orthologs","Solanum lycopersicum"
"K4ASZ8","K4BX72","orthologs","Solanum lycopersicum"
"K4ASZ8","K4BX73","orthologs","Solanum lycopersicum"
"P26981","K4BX70","orthologs","Solanum lycopersicum"
"P26981","K4BX68","orthologs","Solanum lycopersicum"
"P26981","K4BX69","orthologs","Solanum lycopersicum"
"P26981","K4BX72","orthologs","Solanum lycopersicum"
"P26981","K4BX73","orthologs","Solanum lycopersicum"
"K4DHS4","K4BX70","orthologs","Solanum lycopersicum"
"K4DHS4","K4BX68","orthologs","Solanum lycopersicum"
"K4DHS4","K4BX69","orthologs","Solanum lycopersicum"
"K4DHS4","K4BX72","orthologs","Solanum lycopersicum"
"K4DHS4","K4BX73","orthologs","Solanum lycopersicum"
"K4BW50","K4BX70","orthologs","Solanum lycopersicum"
"K4BW50","K4BX68","orthologs","Solanum lycopersicum"
"K4BW50","K4BX69","orthologs","Solanum lycopersicum"
"K4BW50","K4BX72","orthologs","Solanum lycopersicum"
"K4BW50","K4BX73","orthologs","Solanum lycopersicum"
"P62980","K4BX70","orthologs","Solanum lycopersicum"
"P62980","K4BX68","orthologs","Solanum lycopersicum"
"P62980","K4BX69","orthologs","Solanum lycopersicum"
"P62980","K4BX72","orthologs","Solanum lycopersicum"
"P62980","K4BX73","orthologs","Solanum lycopersicum"
"K4AVQ8","K4BX70","orthologs","Solanum lycopersicum"
"K4AVQ8","K4BX68","orthologs","Solanum lycopersicum"
"K4AVQ8","K4BX69","orthologs","Solanum lycopersicum"
"K4AVQ8","K4BX72","orthologs","Solanum lycopersicum"
"K4AVQ8","K4BX73","orthologs","Solanum lycopersicum"
"K4DHR7","K4BX70","orthologs","Solanum lycopersicum"
"K4DHR7","K4BX68","orthologs","Solanum lycopersicum"
"K4DHR7","K4BX69","orthologs","Solanum lycopersicum"
"K4DHR7","K4BX72","orthologs","Solanum lycopersicum"
"K4DHR7","K4BX73","orthologs","Solanum lycopersicum"
"K4BNY3","K4BX70","orthologs","Solanum lycopersicum"
"K4BNY3","K4BX68","orthologs","Solanum lycopersicum"
"K4BNY3","K4BX69","orthologs","Solanum lycopersicum"
"K4BNY3","K4BX72","orthologs","Solanum lycopersicum"
"K4BNY3","K4BX73","orthologs","Solanum lycopersicum"
"K4BUW7","K4BX70","orthologs","Solanum lycopersicum"
"K4BUW7","K4BX68","orthologs","Solanum lycopersicum"
"K4BUW7","K4BX69","orthologs","Solanum lycopersicum"
"K4BUW7","K4BX72","orthologs","Solanum lycopersicum"
"K4BUW7","K4BX73","orthologs","Solanum lycopersicum"
"K4B017","K4BX70","orthologs","Solanum lycopersicum"
"K4B017","K4BX68","orthologs","Solanum lycopersicum"
"K4B017","K4BX69","orthologs","Solanum lycopersicum"
"K4B017","K4BX72","orthologs","Solanum lycopersicum"
"K4B017","K4BX73","orthologs","Solanum lycopersicum"
"K4BA04","K4BX70","orthologs","Solanum lycopersicum"
"K4BA04","K4BX68","orthologs","Solanum lycopersicum"
"K4BA04","K4BX69","orthologs","Solanum lycopersicum"
"K4BA04","K4BX72","orthologs","Solanum lycopersicum"
"K4BA04","K4BX73","orthologs","Solanum lycopersicum"
"K4CXH9","K4BX70","orthologs","Solanum lycopersicum"
"K4CXH9","K4BX68","orthologs","Solanum lycopersicum"
"K4CXH9","K4BX69","orthologs","Solanum lycopersicum"
"K4CXH9","K4BX72","orthologs","Solanum lycopersicum"
"K4CXH9","K4BX73","orthologs","Solanum lycopersicum"
"Q6UJX4","K4BX70","orthologs","Solanum lycopersicum"
"Q6UJX4","K4BX68","orthologs","Solanum lycopersicum"
"Q6UJX4","K4BX69","orthologs","Solanum lycopersicum"
"Q6UJX4","K4BX72","orthologs","Solanum lycopersicum"
"Q6UJX4","K4BX73","orthologs","Solanum lycopersicum"
"K4BEL1","K4BX70","orthologs","Solanum lycopersicum"
"K4BEL1","K4BX68","orthologs","Solanum lycopersicum"
"K4BEL1","K4BX69","orthologs","Solanum lycopersicum"
"K4BEL1","K4BX72","orthologs","Solanum lycopersicum"
"K4BEL1","K4BX73","orthologs","Solanum lycopersicum"
"K4DF65","K4BX70","orthologs","Solanum lycopersicum"
"K4DF65","K4BX68","orthologs","Solanum lycopersicum"
"K4DF65","K4BX69","orthologs","Solanum lycopersicum"
"K4DF65","K4BX72","orthologs","Solanum lycopersicum"
"K4DF65","K4BX73","orthologs","Solanum lycopersicum"
"K4C3T4","K4BX70","orthologs","Solanum lycopersicum"
"K4C3T4","K4BX68","orthologs","Solanum lycopersicum"
"K4C3T4","K4BX69","orthologs","Solanum lycopersicum"
"K4C3T4","K4BX72","orthologs","Solanum lycopersicum"
"K4C3T4","K4BX73","orthologs","Solanum lycopersicum"
"K4C3T2","K4BX70","orthologs","Solanum lycopersicum"
"K4C3T2","K4BX68","orthologs","Solanum lycopersicum"
"K4C3T2","K4BX69","orthologs","Solanum lycopersicum"
"K4C3T2","K4BX72","orthologs","Solanum lycopersicum"
"K4C3T2","K4BX73","orthologs","Solanum lycopersicum"
"K4C8C0","K4CMY8","orthologs","Solanum lycopersicum"
"K4BK35","K4C7F5","orthologs","Solanum lycopersicum"
"K4BK35","K4D6Y0","orthologs","Solanum lycopersicum"
"I7KJ40","K4DFQ3","orthologs","Solanum lycopersicum"
"I7KJ40","K4BN73","orthologs","Solanum lycopersicum"
"I7JCM3","K4DFQ3","orthologs","Solanum lycopersicum"
"I7JCM3","K4BN73","orthologs","Solanum lycopersicum"
"K4BNR8","K4CS50","orthologs","Solanum lycopersicum"
"K4CU77","K4C4X7","orthologs","Solanum lycopersicum"
"K4CU77","K4BF09","orthologs","Solanum lycopersicum"
"K4CAM7","K4C4X7","orthologs","Solanum lycopersicum"
"K4CAM7","K4BF09","orthologs","Solanum lycopersicum"
"Q5WM33","K4BYJ7","orthologs","Solanum lycopersicum"
"K4BBL8","K4BYJ7","orthologs","Solanum lycopersicum"
"Q69EZ9","K4BYJ7","orthologs","Solanum lycopersicum"
"K4BBL4","K4BYJ7","orthologs","Solanum lycopersicum"
"K4CWE7","K4CR48","orthologs","Solanum lycopersicum"
"K4CWE7","K4D3B2","orthologs","Solanum lycopersicum"
"K4DHI2","K4CR48","orthologs","Solanum lycopersicum"
"K4DHI2","K4D3B2","orthologs","Solanum lycopersicum"
"K4C9S8","K4CR48","orthologs","Solanum lycopersicum"
"K4C9S8","K4D3B2","orthologs","Solanum lycopersicum"
"A6MIZ0","K4D5A3","orthologs","Solanum lycopersicum"
"K4B7Z1","K4AWX9","orthologs","Solanum lycopersicum"
"K4D7Y8","K4CFP9","orthologs","Solanum lycopersicum"
"I7JCM3","K4BGU9","orthologs","Solanum lycopersicum"
"I7KJ40","K4BGU9","orthologs","Solanum lycopersicum"
"K4C3C8","K4BIL0","orthologs","Solanum lycopersicum"
"K4C3C8","K4C1J5","orthologs","Solanum lycopersicum"
"K4CPX5","K4DCZ2","orthologs","Solanum lycopersicum"
"K4CPX5","K4CHJ1","orthologs","Solanum lycopersicum"
"K4CNR8","K4DCZ2","orthologs","Solanum lycopersicum"
"K4CNR8","K4CHJ1","orthologs","Solanum lycopersicum"
"K4DFR5","K4DCZ2","orthologs","Solanum lycopersicum"
"K4DFR5","K4CHJ1","orthologs","Solanum lycopersicum"
"K4AT98","Q3C2L6","orthologs","Solanum lycopersicum"
"K4BVK9","K4BPS0","orthologs","Solanum lycopersicum"
"K4BVK9","K4D5H1","orthologs","Solanum lycopersicum"
"K4DGY6","K4B8J2","orthologs","Solanum lycopersicum"
"P36181","K4BL73","orthologs","Solanum lycopersicum"
"K4DHS4","K4BL73","orthologs","Solanum lycopersicum"
"K4AVQ8","K4BL73","orthologs","Solanum lycopersicum"
"K4AW98","K4BL73","orthologs","Solanum lycopersicum"
"K4CXL8","K4BL73","orthologs","Solanum lycopersicum"
"P62980","K4BL73","orthologs","Solanum lycopersicum"
"K4B017","K4BL73","orthologs","Solanum lycopersicum"
"K4CBV9","K4BL73","orthologs","Solanum lycopersicum"
"K4CS51","K4BL73","orthologs","Solanum lycopersicum"
"Q6UJX4","K4BL73","orthologs","Solanum lycopersicum"
"K4BEL1","K4BL73","orthologs","Solanum lycopersicum"
"K4D103","K4BL73","orthologs","Solanum lycopersicum"
"I7KJ40","K4BL73","orthologs","Solanum lycopersicum"
"K4B3K8","K4BL73","orthologs","Solanum lycopersicum"
"D9J1Y9","K4BL73","orthologs","Solanum lycopersicum"
"I7JCM3","K4BL73","orthologs","Solanum lycopersicum"
"Q84MI5","K4BL73","orthologs","Solanum lycopersicum"
"K4DHR7","K4BL73","orthologs","Solanum lycopersicum"
"E2GLN8","K4BL73","orthologs","Solanum lycopersicum"
"K4B7X9","K4BL73","orthologs","Solanum lycopersicum"
"K4DAZ7","K4BL73","orthologs","Solanum lycopersicum"
"Q84MI4","K4BL73","orthologs","Solanum lycopersicum"
"K4CXH9","K4BL73","orthologs","Solanum lycopersicum"
"K4AZN6","K4BL73","orthologs","Solanum lycopersicum"
"Q84MI6","K4BL73","orthologs","Solanum lycopersicum"
"I7JCM3","K4C513","orthologs","Solanum lycopersicum"
"I7JCM3","K4BEK1","orthologs","Solanum lycopersicum"
"I7KJ40","K4C513","orthologs","Solanum lycopersicum"
"I7KJ40","K4BEK1","orthologs","Solanum lycopersicum"
"K4AT75","K4CGY3","orthologs","Solanum lycopersicum"
"K4C9H2","K4CGY3","orthologs","Solanum lycopersicum"
"K4B2Q0","K4CGY3","orthologs","Solanum lycopersicum"
"K4BDA5","K4AST9","orthologs","Solanum lycopersicum"
"K4BDA5","K4D384","orthologs","Solanum lycopersicum"
"K4BDA5","K4D383","orthologs","Solanum lycopersicum"
"K4BBL8","K4BN32","orthologs","Solanum lycopersicum"
"K4BBL4","K4BN32","orthologs","Solanum lycopersicum"
"Q69EZ9","K4BN32","orthologs","Solanum lycopersicum"
"Q5WM33","K4BN32","orthologs","Solanum lycopersicum"
"K4B930","Q43719","orthologs","Solanum lycopersicum"
"K4BV32","K4CMZ4","orthologs","Solanum lycopersicum"
"K4BV31","K4CMZ4","orthologs","Solanum lycopersicum"
"K4BXC1","K4CMZ4","orthologs","Solanum lycopersicum"
"K4BV28","K4CMZ4","orthologs","Solanum lycopersicum"
"K4BTH6","K4B316","orthologs","Solanum lycopersicum"
"K4BTH7","K4B316","orthologs","Solanum lycopersicum"
"I7KJ40","K4B8G3","orthologs","Solanum lycopersicum"
"I7KJ40","K4B8G2","orthologs","Solanum lycopersicum"
"I7JCM3","K4B8G3","orthologs","Solanum lycopersicum"
"I7JCM3","K4B8G2","orthologs","Solanum lycopersicum"
"K4CMM0","K4BM09","orthologs","Solanum lycopersicum"
"K4B8D7","K4BM09","orthologs","Solanum lycopersicum"
"K4C4Q8","K4BM09","orthologs","Solanum lycopersicum"
"K4BE13","K4BM09","orthologs","Solanum lycopersicum"
"K4B8D8","K4BM09","orthologs","Solanum lycopersicum"
"K4BF33","K4BM09","orthologs","Solanum lycopersicum"
"K4CRM1","K4BHH3","orthologs","Solanum lycopersicum"
"K4CRM1","K4BC67","orthologs","Solanum lycopersicum"
"K4DHQ4","K4BHH3","orthologs","Solanum lycopersicum"
"K4DHQ4","K4BC67","orthologs","Solanum lycopersicum"
"K4D225","K4BHH3","orthologs","Solanum lycopersicum"
"K4D225","K4BC67","orthologs","Solanum lycopersicum"
"K4D3U3","K4BHH3","orthologs","Solanum lycopersicum"
"K4D3U3","K4BC67","orthologs","Solanum lycopersicum"
"K4CRQ1","K4BHH3","orthologs","Solanum lycopersicum"
"K4CRQ1","K4BC67","orthologs","Solanum lycopersicum"
"K4BDA5","K4BHH3","orthologs","Solanum lycopersicum"
"K4BDA5","K4BC67","orthologs","Solanum lycopersicum"
"K4CX24","K4BHH3","orthologs","Solanum lycopersicum"
"K4CX24","K4BC67","orthologs","Solanum lycopersicum"
"K4B2E7","K4BDU5","orthologs","Solanum lycopersicum"
"K4BXK6","K4CUG9","orthologs","Solanum lycopersicum"
"K4C5D2","K4CUG9","orthologs","Solanum lycopersicum"
"K4B2E5","K4CUG9","orthologs","Solanum lycopersicum"
"K4C0V7","K4CUG9","orthologs","Solanum lycopersicum"
"K4C1S0","K4CUG9","orthologs","Solanum lycopersicum"
"K4C1R5","K4CUG9","orthologs","Solanum lycopersicum"
"K4BNT8","K4CUG9","orthologs","Solanum lycopersicum"
"K4CCL2","K4CUG9","orthologs","Solanum lycopersicum"
"K4B2E7","K4CUG9","orthologs","Solanum lycopersicum"
"K4C5J7","K4CUG9","orthologs","Solanum lycopersicum"
"K4C1S1","K4CUG9","orthologs","Solanum lycopersicum"
"K4CQM0","K4B2L7","orthologs","Solanum lycopersicum"
"K4CQJ6","B6CG42","orthologs","Solanum lycopersicum"
"K4D3J1","B6CG42","orthologs","Solanum lycopersicum"
"K4C9L4","B6CG42","orthologs","Solanum lycopersicum"
"K4CV66","K4CXL8","orthologs","Solanum lycopersicum"
"K4B7X9","K4CXL8","orthologs","Solanum lycopersicum"
"K4AW98","K4CXL8","orthologs","Solanum lycopersicum"
"D9J1Y9","K4CXL8","orthologs","Solanum lycopersicum"
"K4CBV9","K4CXL8","orthologs","Solanum lycopersicum"
"P62980","K4CXL8","orthologs","Solanum lycopersicum"
"K4DHS4","K4CXL8","orthologs","Solanum lycopersicum"
"K4BEL1","K4CXL8","orthologs","Solanum lycopersicum"
"K4B017","K4CXL8","orthologs","Solanum lycopersicum"
"K4D103","K4CXL8","orthologs","Solanum lycopersicum"
"Q6UJX4","K4CXL8","orthologs","Solanum lycopersicum"
"K4DHR7","K4CXL8","orthologs","Solanum lycopersicum"
"Q84MI5","K4CXL8","orthologs","Solanum lycopersicum"
"Q84MI4","K4CXL8","orthologs","Solanum lycopersicum"
"K4CXH9","K4CXL8","orthologs","Solanum lycopersicum"
"K4AZN6","K4CXL8","orthologs","Solanum lycopersicum"
"P36181","K4CXL8","orthologs","Solanum lycopersicum"
"Q84MI6","K4CXL8","orthologs","Solanum lycopersicum"
"K4B3K8","K4CXL8","orthologs","Solanum lycopersicum"
"E2GLN8","K4CXL8","orthologs","Solanum lycopersicum"
"I7KJ40","K4CXL8","orthologs","Solanum lycopersicum"
"K4AVQ8","K4CXL8","orthologs","Solanum lycopersicum"
"K4DAZ7","K4CXL8","orthologs","Solanum lycopersicum"
"I7JCM3","K4CXL8","orthologs","Solanum lycopersicum"
"K4BL73","K4CXL8","orthologs","Solanum lycopersicum"
"K4CS51","K4CXL8","orthologs","Solanum lycopersicum"
"K4CNR8","K4DHN0","orthologs","Solanum lycopersicum"
"K4B993","K4C7R9","orthologs","Solanum lycopersicum"
"K4B3P7","K4C7R9","orthologs","Solanum lycopersicum"
"K4DHR7","K4CRU7","orthologs","Solanum lycopersicum"
"K4DHR7","K4CRV0","orthologs","Solanum lycopersicum"
"K4DHR7","K4CRU8","orthologs","Solanum lycopersicum"
"K4DHR7","K4CRU9","orthologs","Solanum lycopersicum"
"K4DHR7","K4D1Z5","orthologs","Solanum lycopersicum"
"K4DHR7","K4DAS1","orthologs","Solanum lycopersicum"
"K4DHS4","K4CRU7","orthologs","Solanum lycopersicum"
"K4DHS4","K4CRV0","orthologs","Solanum lycopersicum"
"K4DHS4","K4CRU8","orthologs","Solanum lycopersicum"
"K4DHS4","K4CRU9","orthologs","Solanum lycopersicum"
"K4DHS4","K4D1Z5","orthologs","Solanum lycopersicum"
"K4DHS4","K4DAS1","orthologs","Solanum lycopersicum"
"K4BVN6","K4CRU7","orthologs","Solanum lycopersicum"
"K4BVN6","K4CRV0","orthologs","Solanum lycopersicum"
"K4BVN6","K4CRU8","orthologs","Solanum lycopersicum"
"K4BVN6","K4CRU9","orthologs","Solanum lycopersicum"
"K4BVN6","K4D1Z5","orthologs","Solanum lycopersicum"
"K4BVN6","K4DAS1","orthologs","Solanum lycopersicum"
"Q6UJX4","K4CRU7","orthologs","Solanum lycopersicum"
"Q6UJX4","K4CRV0","orthologs","Solanum lycopersicum"
"Q6UJX4","K4CRU8","orthologs","Solanum lycopersicum"
"Q6UJX4","K4CRU9","orthologs","Solanum lycopersicum"
"Q6UJX4","K4D1Z5","orthologs","Solanum lycopersicum"
"Q6UJX4","K4DAS1","orthologs","Solanum lycopersicum"
"K4AVQ8","K4CRU7","orthologs","Solanum lycopersicum"
"K4AVQ8","K4CRV0","orthologs","Solanum lycopersicum"
"K4AVQ8","K4CRU8","orthologs","Solanum lycopersicum"
"K4AVQ8","K4CRU9","orthologs","Solanum lycopersicum"
"K4AVQ8","K4D1Z5","orthologs","Solanum lycopersicum"
"K4AVQ8","K4DAS1","orthologs","Solanum lycopersicum"
"K4BN76","K4CRU7","orthologs","Solanum lycopersicum"
"K4BN76","K4CRV0","orthologs","Solanum lycopersicum"
"K4BN76","K4CRU8","orthologs","Solanum lycopersicum"
"K4BN76","K4CRU9","orthologs","Solanum lycopersicum"
"K4BN76","K4D1Z5","orthologs","Solanum lycopersicum"
"K4BN76","K4DAS1","orthologs","Solanum lycopersicum"
"P36181","K4CRU7","orthologs","Solanum lycopersicum"
"P36181","K4CRV0","orthologs","Solanum lycopersicum"
"P36181","K4CRU8","orthologs","Solanum lycopersicum"
"P36181","K4CRU9","orthologs","Solanum lycopersicum"
"P36181","K4D1Z5","orthologs","Solanum lycopersicum"
"P36181","K4DAS1","orthologs","Solanum lycopersicum"
"K4DF65","K4CRU7","orthologs","Solanum lycopersicum"
"K4DF65","K4CRV0","orthologs","Solanum lycopersicum"
"K4DF65","K4CRU8","orthologs","Solanum lycopersicum"
"K4DF65","K4CRU9","orthologs","Solanum lycopersicum"
"K4DF65","K4D1Z5","orthologs","Solanum lycopersicum"
"K4DF65","K4DAS1","orthologs","Solanum lycopersicum"
"K4CHI8","K4CRU7","orthologs","Solanum lycopersicum"
"K4CHI8","K4CRV0","orthologs","Solanum lycopersicum"
"K4CHI8","K4CRU8","orthologs","Solanum lycopersicum"
"K4CHI8","K4CRU9","orthologs","Solanum lycopersicum"
"K4CHI8","K4D1Z5","orthologs","Solanum lycopersicum"
"K4CHI8","K4DAS1","orthologs","Solanum lycopersicum"
"K4C3T4","K4CRU7","orthologs","Solanum lycopersicum"
"K4C3T4","K4CRV0","orthologs","Solanum lycopersicum"
"K4C3T4","K4CRU8","orthologs","Solanum lycopersicum"
"K4C3T4","K4CRU9","orthologs","Solanum lycopersicum"
"K4C3T4","K4D1Z5","orthologs","Solanum lycopersicum"
"K4C3T4","K4DAS1","orthologs","Solanum lycopersicum"
"K4BUW7","K4CRU7","orthologs","Solanum lycopersicum"
"K4BUW7","K4CRV0","orthologs","Solanum lycopersicum"
"K4BUW7","K4CRU8","orthologs","Solanum lycopersicum"
"K4BUW7","K4CRU9","orthologs","Solanum lycopersicum"
"K4BUW7","K4D1Z5","orthologs","Solanum lycopersicum"
"K4BUW7","K4DAS1","orthologs","Solanum lycopersicum"
"K4BNY3","K4CRU7","orthologs","Solanum lycopersicum"
"K4BNY3","K4CRV0","orthologs","Solanum lycopersicum"
"K4BNY3","K4CRU8","orthologs","Solanum lycopersicum"
"K4BNY3","K4CRU9","orthologs","Solanum lycopersicum"
"K4BNY3","K4D1Z5","orthologs","Solanum lycopersicum"
"K4BNY3","K4DAS1","orthologs","Solanum lycopersicum"
"P62980","K4CRU7","orthologs","Solanum lycopersicum"
"P62980","K4CRV0","orthologs","Solanum lycopersicum"
"P62980","K4CRU8","orthologs","Solanum lycopersicum"
"P62980","K4CRU9","orthologs","Solanum lycopersicum"
"P62980","K4D1Z5","orthologs","Solanum lycopersicum"
"P62980","K4DAS1","orthologs","Solanum lycopersicum"
"K4CXH9","K4CRU7","orthologs","Solanum lycopersicum"
"K4CXH9","K4CRV0","orthologs","Solanum lycopersicum"
"K4CXH9","K4CRU8","orthologs","Solanum lycopersicum"
"K4CXH9","K4CRU9","orthologs","Solanum lycopersicum"
"K4CXH9","K4D1Z5","orthologs","Solanum lycopersicum"
"K4CXH9","K4DAS1","orthologs","Solanum lycopersicum"
"K4B017","K4CRU7","orthologs","Solanum lycopersicum"
"K4B017","K4CRV0","orthologs","Solanum lycopersicum"
"K4B017","K4CRU8","orthologs","Solanum lycopersicum"
"K4B017","K4CRU9","orthologs","Solanum lycopersicum"
"K4B017","K4D1Z5","orthologs","Solanum lycopersicum"
"K4B017","K4DAS1","orthologs","Solanum lycopersicum"
"K4BW50","K4CRU7","orthologs","Solanum lycopersicum"
"K4BW50","K4CRV0","orthologs","Solanum lycopersicum"
"K4BW50","K4CRU8","orthologs","Solanum lycopersicum"
"K4BW50","K4CRU9","orthologs","Solanum lycopersicum"
"K4BW50","K4D1Z5","orthologs","Solanum lycopersicum"
"K4BW50","K4DAS1","orthologs","Solanum lycopersicum"
"K4CXW2","K4CRU7","orthologs","Solanum lycopersicum"
"K4CXW2","K4CRV0","orthologs","Solanum lycopersicum"
"K4CXW2","K4CRU8","orthologs","Solanum lycopersicum"
"K4CXW2","K4CRU9","orthologs","Solanum lycopersicum"
"K4CXW2","K4D1Z5","orthologs","Solanum lycopersicum"
"K4CXW2","K4DAS1","orthologs","Solanum lycopersicum"
"K4ASZ8","K4CRU7","orthologs","Solanum lycopersicum"
"K4ASZ8","K4CRV0","orthologs","Solanum lycopersicum"
"K4ASZ8","K4CRU8","orthologs","Solanum lycopersicum"
"K4ASZ8","K4CRU9","orthologs","Solanum lycopersicum"
"K4ASZ8","K4D1Z5","orthologs","Solanum lycopersicum"
"K4ASZ8","K4DAS1","orthologs","Solanum lycopersicum"
"P26981","K4CRU7","orthologs","Solanum lycopersicum"
"P26981","K4CRV0","orthologs","Solanum lycopersicum"
"P26981","K4CRU8","orthologs","Solanum lycopersicum"
"P26981","K4CRU9","orthologs","Solanum lycopersicum"
"P26981","K4D1Z5","orthologs","Solanum lycopersicum"
"P26981","K4DAS1","orthologs","Solanum lycopersicum"
"K4BEL1","K4CRU7","orthologs","Solanum lycopersicum"
"K4BEL1","K4CRV0","orthologs","Solanum lycopersicum"
"K4BEL1","K4CRU8","orthologs","Solanum lycopersicum"
"K4BEL1","K4CRU9","orthologs","Solanum lycopersicum"
"K4BEL1","K4D1Z5","orthologs","Solanum lycopersicum"
"K4BEL1","K4DAS1","orthologs","Solanum lycopersicum"
"K4BA04","K4CRU7","orthologs","Solanum lycopersicum"
"K4BA04","K4CRV0","orthologs","Solanum lycopersicum"
"K4BA04","K4CRU8","orthologs","Solanum lycopersicum"
"K4BA04","K4CRU9","orthologs","Solanum lycopersicum"
"K4BA04","K4D1Z5","orthologs","Solanum lycopersicum"
"K4BA04","K4DAS1","orthologs","Solanum lycopersicum"
"K4CKR2","K4CRU7","orthologs","Solanum lycopersicum"
"K4CKR2","K4CRV0","orthologs","Solanum lycopersicum"
"K4CKR2","K4CRU8","orthologs","Solanum lycopersicum"
"K4CKR2","K4CRU9","orthologs","Solanum lycopersicum"
"K4CKR2","K4D1Z5","orthologs","Solanum lycopersicum"
"K4CKR2","K4DAS1","orthologs","Solanum lycopersicum"
"K4C3T2","K4CRU7","orthologs","Solanum lycopersicum"
"K4C3T2","K4CRV0","orthologs","Solanum lycopersicum"
"K4C3T2","K4CRU8","orthologs","Solanum lycopersicum"
"K4C3T2","K4CRU9","orthologs","Solanum lycopersicum"
"K4C3T2","K4D1Z5","orthologs","Solanum lycopersicum"
"K4C3T2","K4DAS1","orthologs","Solanum lycopersicum"
"K4CWU8","K4DAS1","orthologs","Solanum lycopersicum"
"K4CWU8","K4CRU8","orthologs","Solanum lycopersicum"
"K4CWU8","K4D1Z5","orthologs","Solanum lycopersicum"
"K4CWU8","K4CRV0","orthologs","Solanum lycopersicum"
"K4CWU8","K4CRU9","orthologs","Solanum lycopersicum"
"K4CWU8","K4CRU7","orthologs","Solanum lycopersicum"
"K4C591","K4DAS1","orthologs","Solanum lycopersicum"
"K4C591","K4CRU8","orthologs","Solanum lycopersicum"
"K4C591","K4D1Z5","orthologs","Solanum lycopersicum"
"K4C591","K4CRV0","orthologs","Solanum lycopersicum"
"K4C591","K4CRU9","orthologs","Solanum lycopersicum"
"K4C591","K4CRU7","orthologs","Solanum lycopersicum"
"K4CTP5","K4DAS1","orthologs","Solanum lycopersicum"
"K4CTP5","K4CRU8","orthologs","Solanum lycopersicum"
"K4CTP5","K4D1Z5","orthologs","Solanum lycopersicum"
"K4CTP5","K4CRV0","orthologs","Solanum lycopersicum"
"K4CTP5","K4CRU9","orthologs","Solanum lycopersicum"
"K4CTP5","K4CRU7","orthologs","Solanum lycopersicum"
"K4BDA5","K4CRZ6","orthologs","Solanum lycopersicum"
"K4BL29","K4CRZ6","orthologs","Solanum lycopersicum"
"K4BL32","K4CRZ6","orthologs","Solanum lycopersicum"
"K4BL34","K4CRZ6","orthologs","Solanum lycopersicum"
"K4BL37","K4CRZ6","orthologs","Solanum lycopersicum"
"K4BL33","K4CRZ6","orthologs","Solanum lycopersicum"
"K4CLT6","K4BTT8","orthologs","Solanum lycopersicum"
"K4CLT6","K4BTU3","orthologs","Solanum lycopersicum"
"K4CLT6","K4BTU0","orthologs","Solanum lycopersicum"
"K4CLT6","K4BTU1","orthologs","Solanum lycopersicum"
"I7JCM3","K4BM02","orthologs","Solanum lycopersicum"
"I7JCM3","K4C864","orthologs","Solanum lycopersicum"
"I7KJ40","K4BM02","orthologs","Solanum lycopersicum"
"I7KJ40","K4C864","orthologs","Solanum lycopersicum"
"I7JCM3","K4CMD7","orthologs","Solanum lycopersicum"
"K4CGZ2","K4CMD7","orthologs","Solanum lycopersicum"
"I7KJ40","K4CMD7","orthologs","Solanum lycopersicum"
"K4C5J7","K4B950","orthologs","Solanum lycopersicum"
"K4C1S1","K4B950","orthologs","Solanum lycopersicum"
"K4C5D2","K4B950","orthologs","Solanum lycopersicum"
"K4BXK6","K4B950","orthologs","Solanum lycopersicum"
"K4C1S0","K4B950","orthologs","Solanum lycopersicum"
"K4BCH2","K4B950","orthologs","Solanum lycopersicum"
"K4C1R5","K4B950","orthologs","Solanum lycopersicum"
"K4ASZ8","K4AWH6","orthologs","Solanum lycopersicum"
"K4BW50","K4AWH6","orthologs","Solanum lycopersicum"
"I7JCM3","K4B788","orthologs","Solanum lycopersicum"
"I7JCM3","K4BBQ3","orthologs","Solanum lycopersicum"
"I7KJ40","K4B788","orthologs","Solanum lycopersicum"
"I7KJ40","K4BBQ3","orthologs","Solanum lycopersicum"
"Q9ZSP9","K4BFZ2","orthologs","Solanum lycopersicum"
"K4CVB0","K4B1J9","orthologs","Solanum lycopersicum"
"K4CVB0","K4B1J8","orthologs","Solanum lycopersicum"
"K4D5H3","K4AQM5","orthologs","Solanum lycopersicum"
"K4B7Z1","E5KGD3","orthologs","Solanum lycopersicum"
"Q5WM33","K4CVG3","orthologs","Solanum lycopersicum"
"Q5WM33","K4CVG4","orthologs","Solanum lycopersicum"
"Q69EZ9","K4CVG3","orthologs","Solanum lycopersicum"
"Q69EZ9","K4CVG4","orthologs","Solanum lycopersicum"
"K4BBL4","K4CVG3","orthologs","Solanum lycopersicum"
"K4BBL4","K4CVG4","orthologs","Solanum lycopersicum"
"K4BBL8","K4CVG3","orthologs","Solanum lycopersicum"
"K4BBL8","K4CVG4","orthologs","Solanum lycopersicum"
"K4CC92","K4BM20","orthologs","Solanum lycopersicum"
"K4CC92","K4C867","orthologs","Solanum lycopersicum"
"K4CC92","K4DEX4","orthologs","Solanum lycopersicum"
"K4CC92","K4BM21","orthologs","Solanum lycopersicum"
"K4C145","K4BMY0","orthologs","Solanum lycopersicum"
"K4C145","K4DFH6","orthologs","Solanum lycopersicum"
"K4C145","K4C709","orthologs","Solanum lycopersicum"
"K4BV31","K4BMY0","orthologs","Solanum lycopersicum"
"K4BV31","K4DFH6","orthologs","Solanum lycopersicum"
"K4BV31","K4C709","orthologs","Solanum lycopersicum"
"K4BV28","K4BMY0","orthologs","Solanum lycopersicum"
"K4BV28","K4DFH6","orthologs","Solanum lycopersicum"
"K4BV28","K4C709","orthologs","Solanum lycopersicum"
"K4AZR5","K4BMY0","orthologs","Solanum lycopersicum"
"K4AZR5","K4DFH6","orthologs","Solanum lycopersicum"
"K4AZR5","K4C709","orthologs","Solanum lycopersicum"
"K4BV32","K4BMY0","orthologs","Solanum lycopersicum"
"K4BV32","K4DFH6","orthologs","Solanum lycopersicum"
"K4BV32","K4C709","orthologs","Solanum lycopersicum"
"K4AZR4","K4BMY0","orthologs","Solanum lycopersicum"
"K4AZR4","K4DFH6","orthologs","Solanum lycopersicum"
"K4AZR4","K4C709","orthologs","Solanum lycopersicum"
"K4BXC1","K4BMY0","orthologs","Solanum lycopersicum"
"K4BXC1","K4DFH6","orthologs","Solanum lycopersicum"
"K4BXC1","K4C709","orthologs","Solanum lycopersicum"
"I7JCM3","K4CAB6","orthologs","Solanum lycopersicum"
"I7KJ40","K4CAB6","orthologs","Solanum lycopersicum"
"K4BHP9","K4D8F9","orthologs","Solanum lycopersicum"
"K4DHS4","K4DAZ7","orthologs","Solanum lycopersicum"
"Q6UJX4","K4DAZ7","orthologs","Solanum lycopersicum"
"Q84MI5","K4DAZ7","orthologs","Solanum lycopersicum"
"K4B017","K4DAZ7","orthologs","Solanum lycopersicum"
"I7JCM3","K4DAZ7","orthologs","Solanum lycopersicum"
"P62980","K4DAZ7","orthologs","Solanum lycopersicum"
"K4AZN6","K4DAZ7","orthologs","Solanum lycopersicum"
"P36181","K4DAZ7","orthologs","Solanum lycopersicum"
"K4DHR7","K4DAZ7","orthologs","Solanum lycopersicum"
"K4B3K8","K4DAZ7","orthologs","Solanum lycopersicum"
"E2GLN8","K4DAZ7","orthologs","Solanum lycopersicum"
"I7KJ40","K4DAZ7","orthologs","Solanum lycopersicum"
"K4D103","K4DAZ7","orthologs","Solanum lycopersicum"
"D9J1Y9","K4DAZ7","orthologs","Solanum lycopersicum"
"K4CBV9","K4DAZ7","orthologs","Solanum lycopersicum"
"K4AVQ8","K4DAZ7","orthologs","Solanum lycopersicum"
"Q84MI6","K4DAZ7","orthologs","Solanum lycopersicum"
"K4AW98","K4DAZ7","orthologs","Solanum lycopersicum"
"Q84MI4","K4DAZ7","orthologs","Solanum lycopersicum"
"K4B7X9","K4DAZ7","orthologs","Solanum lycopersicum"
"K4BL73","K4DAZ7","orthologs","Solanum lycopersicum"
"K4B0Y8","K4DAZ7","orthologs","Solanum lycopersicum"
"K4CXH9","K4DAZ7","orthologs","Solanum lycopersicum"
"K4CXL8","K4DAZ7","orthologs","Solanum lycopersicum"
"K4CS51","K4DAZ7","orthologs","Solanum lycopersicum"
"K4BEL1","K4DAZ7","orthologs","Solanum lycopersicum"
"K4CV66","K4DAZ7","orthologs","Solanum lycopersicum"
"K4CWR3","K4BFZ2","orthologs","Solanum lycopersicum"
"K4CRD6","K4BFZ2","orthologs","Solanum lycopersicum"
"K4CWG1","K4BFZ2","orthologs","Solanum lycopersicum"
"K4CWG0","K4BFZ2","orthologs","Solanum lycopersicum"
"K4CWF9","K4BFZ2","orthologs","Solanum lycopersicum"
"K4BF39","K4BFZ2","orthologs","Solanum lycopersicum"
"K4CWF8","K4BFZ2","orthologs","Solanum lycopersicum"
"K4C226","K4BFZ2","orthologs","Solanum lycopersicum"
"K4CWF5","K4BFZ2","orthologs","Solanum lycopersicum"
"K4CWF7","K4BFZ2","orthologs","Solanum lycopersicum"
"Q9AVU9","K4BFZ2","orthologs","Solanum lycopersicum"
"K4C9S8","K4B751","orthologs","Solanum lycopersicum"
"K4CFJ6","K4ASK3","orthologs","Solanum lycopersicum"
"K4DA96","K4CUB2","orthologs","Solanum lycopersicum"
"K4C1K9","K4CUB2","orthologs","Solanum lycopersicum"
"K4CNR8","K4BF77","orthologs","Solanum lycopersicum"
"K4B787","K4BZL5","orthologs","Solanum lycopersicum"
"K4D1V6","K4C985","orthologs","Solanum lycopersicum"
"K4D1V6","K4DAR0","orthologs","Solanum lycopersicum"
"Q4A1N1","K4C985","orthologs","Solanum lycopersicum"
"Q4A1N1","K4DAR0","orthologs","Solanum lycopersicum"
"P27056","K4C985","orthologs","Solanum lycopersicum"
"P27056","K4DAR0","orthologs","Solanum lycopersicum"
"P93224","K4C985","orthologs","Solanum lycopersicum"
"P93224","K4DAR0","orthologs","Solanum lycopersicum"
"K4D1U9","K4C985","orthologs","Solanum lycopersicum"
"K4D1U9","K4DAR0","orthologs","Solanum lycopersicum"
"K4D1W2","K4C985","orthologs","Solanum lycopersicum"
"K4D1W2","K4DAR0","orthologs","Solanum lycopersicum"
"K4D1U8","K4C985","orthologs","Solanum lycopersicum"
"K4D1U8","K4DAR0","orthologs","Solanum lycopersicum"
"K4D1U7","K4C985","orthologs","Solanum lycopersicum"
"K4D1U7","K4DAR0","orthologs","Solanum lycopersicum"
"K4BEL1","K4CRE6","orthologs","Solanum lycopersicum"
"K4DHR7","K4CRE6","orthologs","Solanum lycopersicum"
"P62980","K4CRE6","orthologs","Solanum lycopersicum"
"Q6UJX4","K4CRE6","orthologs","Solanum lycopersicum"
"K4AVQ8","K4CRE6","orthologs","Solanum lycopersicum"
"K4B017","K4CRE6","orthologs","Solanum lycopersicum"
"K4DHS4","K4CRE6","orthologs","Solanum lycopersicum"
"P36181","K4CRE6","orthologs","Solanum lycopersicum"
"K4BA04","K4CRE6","orthologs","Solanum lycopersicum"
"K4CHI8","K4CRE6","orthologs","Solanum lycopersicum"
"K4BW50","K4CRE6","orthologs","Solanum lycopersicum"
"K4C3T4","K4CRE6","orthologs","Solanum lycopersicum"
"P26981","K4CRE6","orthologs","Solanum lycopersicum"
"K4DF65","K4CRE6","orthologs","Solanum lycopersicum"
"K4ASZ8","K4CRE6","orthologs","Solanum lycopersicum"
"K4CKR2","K4CRE6","orthologs","Solanum lycopersicum"
"K4BUW7","K4CRE6","orthologs","Solanum lycopersicum"
"K4BNY3","K4CRE6","orthologs","Solanum lycopersicum"
"K4C3T2","K4CRE6","orthologs","Solanum lycopersicum"
"K4BN76","K4CRE6","orthologs","Solanum lycopersicum"
"K4CXH9","K4CRE6","orthologs","Solanum lycopersicum"
"K4BVN6","K4CRE6","orthologs","Solanum lycopersicum"
"K4CXW2","K4CRE6","orthologs","Solanum lycopersicum"
"K4D358","K4AZ93","orthologs","Solanum lycopersicum"
"Q01413","K4BF68","orthologs","Solanum lycopersicum"
"Q01413","K4C4V7","orthologs","Solanum lycopersicum"
"A7X331","K4CYF1","orthologs","Solanum lycopersicum"
"Q7PCA8","K4CYF1","orthologs","Solanum lycopersicum"
"Q7PCA6","K4CYF1","orthologs","Solanum lycopersicum"
"I7JCM3","K4BX84","orthologs","Solanum lycopersicum"
"I7KJ40","K4BX84","orthologs","Solanum lycopersicum"
"K4C250","K4CWJ2","orthologs","Solanum lycopersicum"
"K4C250","K4DI39","orthologs","Solanum lycopersicum"
"K4C250","K4C241","orthologs","Solanum lycopersicum"
"K4C250","K4C239","orthologs","Solanum lycopersicum"
"K4C250","K4C240","orthologs","Solanum lycopersicum"
"K4C250","K4C237","orthologs","Solanum lycopersicum"
"K4C250","K4DI40","orthologs","Solanum lycopersicum"
"K4C250","K4DHJ5","orthologs","Solanum lycopersicum"
"K4C250","K4CWJ3","orthologs","Solanum lycopersicum"
"K4AZD2","F8WS89","orthologs","Solanum lycopersicum"
"K4CFW2","K4B7J8","orthologs","Solanum lycopersicum"
"K4AZN6","K4B7X9","orthologs","Solanum lycopersicum"
"E2GLN8","K4B7X9","orthologs","Solanum lycopersicum"
"K4AW98","K4B7X9","orthologs","Solanum lycopersicum"
"D9J1Y9","K4B7X9","orthologs","Solanum lycopersicum"
"K4DHS4","K4B7X9","orthologs","Solanum lycopersicum"
"K4D103","K4B7X9","orthologs","Solanum lycopersicum"
"I7KJ40","K4B7X9","orthologs","Solanum lycopersicum"
"K4DHR7","K4B7X9","orthologs","Solanum lycopersicum"
"K4AVQ8","K4B7X9","orthologs","Solanum lycopersicum"
"K4B017","K4B7X9","orthologs","Solanum lycopersicum"
"K4CBV9","K4B7X9","orthologs","Solanum lycopersicum"
"Q6UJX4","K4B7X9","orthologs","Solanum lycopersicum"
"K4B3K8","K4B7X9","orthologs","Solanum lycopersicum"
"K4BEL1","K4B7X9","orthologs","Solanum lycopersicum"
"I7JCM3","K4B7X9","orthologs","Solanum lycopersicum"
"K4B0Y8","K4B7X9","orthologs","Solanum lycopersicum"
"K4CS51","K4B7X9","orthologs","Solanum lycopersicum"
"P36181","K4B7X9","orthologs","Solanum lycopersicum"
"K4DAZ7","K4B7X9","orthologs","Solanum lycopersicum"
"K4CV66","K4B7X9","orthologs","Solanum lycopersicum"
"K4CXH9","K4B7X9","orthologs","Solanum lycopersicum"
"P62980","K4B7X9","orthologs","Solanum lycopersicum"
"Q84MI4","K4B7X9","orthologs","Solanum lycopersicum"
"Q84MI5","K4B7X9","orthologs","Solanum lycopersicum"
"Q84MI6","K4B7X9","orthologs","Solanum lycopersicum"
"K4BL73","K4B7X9","orthologs","Solanum lycopersicum"
"K4CXL8","K4B7X9","orthologs","Solanum lycopersicum"
"K4B258","I2E5L9","orthologs","Solanum lycopersicum"
"K4B258","K4C2A1","orthologs","Solanum lycopersicum"
"I7JCM3","K4CS51","orthologs","Solanum lycopersicum"
"K4CV66","K4CS51","orthologs","Solanum lycopersicum"
"K4D103","K4CS51","orthologs","Solanum lycopersicum"
"K4AVQ8","K4CS51","orthologs","Solanum lycopersicum"
"K4CBV9","K4CS51","orthologs","Solanum lycopersicum"
"D9J1Y9","K4CS51","orthologs","Solanum lycopersicum"
"Q84MI5","K4CS51","orthologs","Solanum lycopersicum"
"K4B017","K4CS51","orthologs","Solanum lycopersicum"
"K4B3K8","K4CS51","orthologs","Solanum lycopersicum"
"K4DAZ7","K4CS51","orthologs","Solanum lycopersicum"
"P36181","K4CS51","orthologs","Solanum lycopersicum"
"K4B7X9","K4CS51","orthologs","Solanum lycopersicum"
"K4B0Y8","K4CS51","orthologs","Solanum lycopersicum"
"I7KJ40","K4CS51","orthologs","Solanum lycopersicum"
"K4AW98","K4CS51","orthologs","Solanum lycopersicum"
"K4AZN6","K4CS51","orthologs","Solanum lycopersicum"
"K4DHR7","K4CS51","orthologs","Solanum lycopersicum"
"K4CXL8","K4CS51","orthologs","Solanum lycopersicum"
"P62980","K4CS51","orthologs","Solanum lycopersicum"
"K4CXH9","K4CS51","orthologs","Solanum lycopersicum"
"E2GLN8","K4CS51","orthologs","Solanum lycopersicum"
"Q6UJX4","K4CS51","orthologs","Solanum lycopersicum"
"Q84MI4","K4CS51","orthologs","Solanum lycopersicum"
"K4BEL1","K4CS51","orthologs","Solanum lycopersicum"
"K4DHS4","K4CS51","orthologs","Solanum lycopersicum"
"Q84MI6","K4CS51","orthologs","Solanum lycopersicum"
"K4BL73","K4CS51","orthologs","Solanum lycopersicum"
"K4DGY6","K4BK20","orthologs","Solanum lycopersicum"
"K4C1P2","K4BK20","orthologs","Solanum lycopersicum"
"K4C1P3","K4BK20","orthologs","Solanum lycopersicum"
"K4AT75","K4CGH4","orthologs","Solanum lycopersicum"
"K4AT75","K4BN76","orthologs","Solanum lycopersicum"
"K4BJP4","K4CGF9","orthologs","Solanum lycopersicum"
"K4DBR4","K4CFP9","orthologs","Solanum lycopersicum"
"K4DBR2","K4CFP9","orthologs","Solanum lycopersicum"
"K4D3K6","K4CFP9","orthologs","Solanum lycopersicum"
"K4DBR3","K4CFP9","orthologs","Solanum lycopersicum"
"K4D7T6","K4CFP9","orthologs","Solanum lycopersicum"
"K4ATD6","K4CFP9","orthologs","Solanum lycopersicum"
"K4ATD7","K4CFP9","orthologs","Solanum lycopersicum"
"K4BI03","K4CFP9","orthologs","Solanum lycopersicum"
"K4B930","K4CF13","orthologs","Solanum lycopersicum"
"K4CNR8","K4CF13","orthologs","Solanum lycopersicum"
"K4B2E7","K4CF13","orthologs","Solanum lycopersicum"
"K4DB75","K4CGG0","orthologs","Solanum lycopersicum"
"K4B017","K4D103","orthologs","Solanum lycopersicum"
"K4B017","K4B3K8","orthologs","Solanum lycopersicum"
"P62980","K4D103","orthologs","Solanum lycopersicum"
"P62980","K4B3K8","orthologs","Solanum lycopersicum"
"Q6UJX4","K4D103","orthologs","Solanum lycopersicum"
"Q6UJX4","K4B3K8","orthologs","Solanum lycopersicum"
"K4D103","K4B3K8","orthologs","Solanum lycopersicum"
"K4DHS4","K4D103","orthologs","Solanum lycopersicum"
"K4DHS4","K4B3K8","orthologs","Solanum lycopersicum"
"K4CBV9","K4D103","orthologs","Solanum lycopersicum"
"K4CBV9","K4B3K8","orthologs","Solanum lycopersicum"
"P36181","K4D103","orthologs","Solanum lycopersicum"
"P36181","K4B3K8","orthologs","Solanum lycopersicum"
"Q84MI5","K4D103","orthologs","Solanum lycopersicum"
"Q84MI5","K4B3K8","orthologs","Solanum lycopersicum"
"I7JCM3","K4D103","orthologs","Solanum lycopersicum"
"I7JCM3","K4B3K8","orthologs","Solanum lycopersicum"
"K4AW98","K4D103","orthologs","Solanum lycopersicum"
"K4AW98","K4B3K8","orthologs","Solanum lycopersicum"
"K4AVQ8","K4D103","orthologs","Solanum lycopersicum"
"K4AVQ8","K4B3K8","orthologs","Solanum lycopersicum"
"K4DHR7","K4D103","orthologs","Solanum lycopersicum"
"K4DHR7","K4B3K8","orthologs","Solanum lycopersicum"
"Q84MI6","K4D103","orthologs","Solanum lycopersicum"
"Q84MI6","K4B3K8","orthologs","Solanum lycopersicum"
"I7KJ40","K4D103","orthologs","Solanum lycopersicum"
"I7KJ40","K4B3K8","orthologs","Solanum lycopersicum"
"K4BL73","K4D103","orthologs","Solanum lycopersicum"
"K4BL73","K4B3K8","orthologs","Solanum lycopersicum"
"K4CS51","K4D103","orthologs","Solanum lycopersicum"
"K4CS51","K4B3K8","orthologs","Solanum lycopersicum"
"K4BCP5","K4D103","orthologs","Solanum lycopersicum"
"K4BCP5","K4B3K8","orthologs","Solanum lycopersicum"
"K4BEL1","K4D103","orthologs","Solanum lycopersicum"
"K4BEL1","K4B3K8","orthologs","Solanum lycopersicum"
"K4CXL8","K4D103","orthologs","Solanum lycopersicum"
"K4CXL8","K4B3K8","orthologs","Solanum lycopersicum"
"K4CXH9","K4D103","orthologs","Solanum lycopersicum"
"K4CXH9","K4B3K8","orthologs","Solanum lycopersicum"
"K4B7X9","K4D103","orthologs","Solanum lycopersicum"
"K4B7X9","K4B3K8","orthologs","Solanum lycopersicum"
"K4DAZ7","K4D103","orthologs","Solanum lycopersicum"
"K4DAZ7","K4B3K8","orthologs","Solanum lycopersicum"
"D9J1Y9","K4D103","orthologs","Solanum lycopersicum"
"D9J1Y9","K4B3K8","orthologs","Solanum lycopersicum"
"Q84MI4","K4D103","orthologs","Solanum lycopersicum"
"Q84MI4","K4B3K8","orthologs","Solanum lycopersicum"
"E2GLN8","K4D103","orthologs","Solanum lycopersicum"
"E2GLN8","K4B3K8","orthologs","Solanum lycopersicum"
"K4B3K8","K4D103","orthologs","Solanum lycopersicum"
"K4AZN6","K4D103","orthologs","Solanum lycopersicum"
"K4AZN6","K4B3K8","orthologs","Solanum lycopersicum"
"I7KJ40","K4C8Q3","orthologs","Solanum lycopersicum"
"K4BLK4","K4C8Q3","orthologs","Solanum lycopersicum"
"I7JCM3","K4C8Q3","orthologs","Solanum lycopersicum"
"K4CZD6","K4CFZ4","orthologs","Solanum lycopersicum"
"K4CZD6","K4DCG2","orthologs","Solanum lycopersicum"
"K4AUE2","K4D3Q2","orthologs","Solanum lycopersicum"
"K4ASJ7","K4D3Q2","orthologs","Solanum lycopersicum"
"K4DGY6","K4B7R9","orthologs","Solanum lycopersicum"
"K4D7Y8","K4B7R9","orthologs","Solanum lycopersicum"
"K4BXC1","K4B7R9","orthologs","Solanum lycopersicum"
"K4D4G2","K4BKE1","orthologs","Solanum lycopersicum"
"K4CFJ8","K4BKE1","orthologs","Solanum lycopersicum"
"K4B930","K4BKE1","orthologs","Solanum lycopersicum"
"K4CNR8","P58905","orthologs","Solanum lycopersicum"
"K4CNR8","K4CW99","orthologs","Solanum lycopersicum"
"K4D594","P58905","orthologs","Solanum lycopersicum"
"K4D594","K4CW99","orthologs","Solanum lycopersicum"
"K4CBP6","K4AST8","orthologs","Solanum lycopersicum"
"B1N678","K4AST8","orthologs","Solanum lycopersicum"
"B1N679","K4AST8","orthologs","Solanum lycopersicum"
"B1N680","K4AST8","orthologs","Solanum lycopersicum"
"K4BI67","Q8LGR9","orthologs","Solanum lycopersicum"
"K4BI67","K4DFN6","orthologs","Solanum lycopersicum"
"K4BI67","K4BN49","orthologs","Solanum lycopersicum"
"K4CWV7","Q8LGR9","orthologs","Solanum lycopersicum"
"K4CWV7","K4DFN6","orthologs","Solanum lycopersicum"
"K4CWV7","K4BN49","orthologs","Solanum lycopersicum"
"K4C684","K4DF65","orthologs","Solanum lycopersicum"
"K4CVN9","K4DF65","orthologs","Solanum lycopersicum"
"K4CU77","K4DF65","orthologs","Solanum lycopersicum"
"K4C3C8","K4DF65","orthologs","Solanum lycopersicum"
"K4CAM7","K4DF65","orthologs","Solanum lycopersicum"
"K4D691","K4BN84","orthologs","Solanum lycopersicum"
"K4D358","K4CEV0","orthologs","Solanum lycopersicum"
"K4B1G3","K4CEV0","orthologs","Solanum lycopersicum"
"K4DBN5","K4CEV0","orthologs","Solanum lycopersicum"
"K4CX24","K4CEV0","orthologs","Solanum lycopersicum"
"K4D7Y8","K4CEV0","orthologs","Solanum lycopersicum"
"K4CFJ8","K4CEV0","orthologs","Solanum lycopersicum"
"K4BVK9","K4CEV0","orthologs","Solanum lycopersicum"
"K4DHQ4","K4CEV0","orthologs","Solanum lycopersicum"
"K4CX68","K4CEV0","orthologs","Solanum lycopersicum"
"K4BFF2","K4CEV0","orthologs","Solanum lycopersicum"
"A6MIZ0","K4CPT2","orthologs","Solanum lycopersicum"
"K4BUX7","K4CPT2","orthologs","Solanum lycopersicum"
"K4BIZ4","K4CPT2","orthologs","Solanum lycopersicum"
"K4BCH2","K4B7V5","orthologs","Solanum lycopersicum"
"I7KJ40","K4CPJ0","orthologs","Solanum lycopersicum"
"I7JCM3","K4CPJ0","orthologs","Solanum lycopersicum"
"K4C7C7","K4C2S8","orthologs","Solanum lycopersicum"
"K4C7D0","K4C2S8","orthologs","Solanum lycopersicum"
"K4C7C8","K4C2S8","orthologs","Solanum lycopersicum"
"K4C7C5","K4C2S8","orthologs","Solanum lycopersicum"
"K4D8R7","K4C2S8","orthologs","Solanum lycopersicum"
"K4D3U3","K4CB55","orthologs","Solanum lycopersicum"
"K4BDA5","K4CB55","orthologs","Solanum lycopersicum"
"K4CRQ1","K4CB55","orthologs","Solanum lycopersicum"
"K4D225","K4CB55","orthologs","Solanum lycopersicum"
"K4CRM1","K4CB55","orthologs","Solanum lycopersicum"
"K4BVK9","K4CB55","orthologs","Solanum lycopersicum"
"K4AZR4","D3TI69","orthologs","Solanum lycopersicum"
"K4DA58","D3TI69","orthologs","Solanum lycopersicum"
"K4BEV1","D3TI69","orthologs","Solanum lycopersicum"
"K4C6Z7","D3TI69","orthologs","Solanum lycopersicum"
"K4C5G0","D3TI69","orthologs","Solanum lycopersicum"
"K4AZR5","D3TI69","orthologs","Solanum lycopersicum"
"K4BP29","D3TI69","orthologs","Solanum lycopersicum"
"K4C145","D3TI69","orthologs","Solanum lycopersicum"
"I7JCM3","K4D6J2","orthologs","Solanum lycopersicum"
"I7KJ40","K4D6J2","orthologs","Solanum lycopersicum"
"K4B9S4","K4BNZ9","orthologs","Solanum lycopersicum"
"K4CF27","K4BNZ9","orthologs","Solanum lycopersicum"
"K4CFF0","K4BNZ9","orthologs","Solanum lycopersicum"
"K4CEY0","K4BNZ9","orthologs","Solanum lycopersicum"
"K4DA58","K4BNZ9","orthologs","Solanum lycopersicum"
"Q9LLS9","K4BNZ9","orthologs","Solanum lycopersicum"
"K4C6Y9","K4BNZ9","orthologs","Solanum lycopersicum"
"Q9ZP11","K4BNZ9","orthologs","Solanum lycopersicum"
"K4C0T6","K4BNZ9","orthologs","Solanum lycopersicum"
"K4CFF2","K4BNZ9","orthologs","Solanum lycopersicum"
"K4C0T5","K4BNZ9","orthologs","Solanum lycopersicum"
"K4BXU9","K4BNZ9","orthologs","Solanum lycopersicum"
"K4CFF3","K4BNZ9","orthologs","Solanum lycopersicum"
"K4CFF4","K4BNZ9","orthologs","Solanum lycopersicum"
"K4C0T4","K4BNZ9","orthologs","Solanum lycopersicum"
"P48980","K4BNZ9","orthologs","Solanum lycopersicum"
"K4D4G2","K4CIB9","orthologs","Solanum lycopersicum"
"K4DGY6","K4CAZ2","orthologs","Solanum lycopersicum"
"K4CFW2","K4ASR1","orthologs","Solanum lycopersicum"
"K4CFW2","K4D371","orthologs","Solanum lycopersicum"
"K4BK72","K4ASR1","orthologs","Solanum lycopersicum"
"K4BK72","K4D371","orthologs","Solanum lycopersicum"
"K4B533","K4ASR1","orthologs","Solanum lycopersicum"
"K4B533","K4D371","orthologs","Solanum lycopersicum"
"K4CUX1","K4ASR1","orthologs","Solanum lycopersicum"
"K4CUX1","K4D371","orthologs","Solanum lycopersicum"
"K4DGY6","K4ASR1","orthologs","Solanum lycopersicum"
"K4DGY6","K4D371","orthologs","Solanum lycopersicum"
"K4BK71","K4ASR1","orthologs","Solanum lycopersicum"
"K4BK71","K4D371","orthologs","Solanum lycopersicum"
"K4CVA5","K4ASR1","orthologs","Solanum lycopersicum"
"K4CVA5","K4D371","orthologs","Solanum lycopersicum"
"K4D317","K4CAK8","orthologs","Solanum lycopersicum"
"K4D317","K4CTZ5","orthologs","Solanum lycopersicum"
"K4BF38","K4CAK8","orthologs","Solanum lycopersicum"
"K4BF38","K4CTZ5","orthologs","Solanum lycopersicum"
"K4B2N2","K4CAK8","orthologs","Solanum lycopersicum"
"K4B2N2","K4CTZ5","orthologs","Solanum lycopersicum"
"K4D7Q5","K4CAK8","orthologs","Solanum lycopersicum"
"K4D7Q5","K4CTZ5","orthologs","Solanum lycopersicum"
"K4ARX3","K4CAK8","orthologs","Solanum lycopersicum"
"K4ARX3","K4CTZ5","orthologs","Solanum lycopersicum"
"Q8L4N2","K4BNU8","orthologs","Solanum lycopersicum"
"K4C792","K4BNU8","orthologs","Solanum lycopersicum"
"Q9LD97","K4BNU8","orthologs","Solanum lycopersicum"
"K4D3X0","K4BNU8","orthologs","Solanum lycopersicum"
"K4D3Z9","K4BNU8","orthologs","Solanum lycopersicum"
"K4D3B7","K4BNU8","orthologs","Solanum lycopersicum"
"Q8LRN8","K4BNU8","orthologs","Solanum lycopersicum"
"K4DEV8","K4BNU8","orthologs","Solanum lycopersicum"
"K4BM57","K4BNU8","orthologs","Solanum lycopersicum"
"K4CV66","K4BZX0","orthologs","Solanum lycopersicum"
"K4CV66","K4CE59","orthologs","Solanum lycopersicum"
"K4C9H2","K4AT12","orthologs","Solanum lycopersicum"
"K4B2Q0","K4AT12","orthologs","Solanum lycopersicum"
"K4AZD2","K4AT12","orthologs","Solanum lycopersicum"
"K4CFJ8","K4CFP9","orthologs","Solanum lycopersicum"
"K4D358","K4CFP9","orthologs","Solanum lycopersicum"
